date,datekey,day,month,month_name,year,weekday,weekofyear,is_weekend,data_extract_ts,day_of_week_category,Is_public_holiday,Quarter,Year_Month
2023-01-01,20230101,1,1,January,2023,Sunday,52,1,2025-11-18 11:50:37,Weekend,0,Q1,2023-Jan
2023-01-02,20230102,2,1,January,2023,Monday,1,0,2025-11-18 11:50:37,Weekday,0,Q1,2023-Jan
2023-01-03,20230103,3,1,January,2023,Tuesday,1,0,2025-11-18 11:50:37,Weekday,0,Q1,2023-Jan
2023-01-04,20230104,4,1,January,2023,Wednesday,1,0,2025-11-18 11:50:37,Weekday,0,Q1,2023-Jan
2023-01-05,20230105,5,1,January,2023,Thursday,1,0,2025-11-18 11:50:37,Weekday,0,Q1,2023-Jan
2023-01-06,20230106,6,1,January,2023,Friday,1,0,2025-11-18 11:50:37,Weekday,0,Q1,2023-Jan
2023-01-07,20230107,7,1,January,2023,Saturday,1,1,2025-11-18 11:50:37,Weekend,0,Q1,2023-Jan
2023-01-08,20230108,8,1,January,2023,Sunday,1,1,2025-11-18 11:50:37,Weekend,0,Q1,2023-Jan
2023-01-09,20230109,9,1,January,2023,Monday,2,0,2025-11-18 11:50:37,Weekday,0,Q1,2023-Jan
2023-01-10,20230110,10,1,January,2023,Tuesday,2,0,2025-11-18 11:50:37,Weekday,0,Q1,2023-Jan
2023-01-11,20230111,11,1,January,2023,Wednesday,2,0,2025-11-18 11:50:37,Weekday,0,Q1,2023-Jan
2023-01-12,20230112,12,1,January,2023,Thursday,2,0,2025-11-18 11:50:37,Weekday,0,Q1,2023-Jan
2023-01-13,20230113,13,1,January,2023,Friday,2,0,2025-11-18 11:50:37,Weekday,0,Q1,2023-Jan
2023-01-14,20230114,14,1,January,2023,Saturday,2,1,2025-11-18 11:50:37,Weekend,0,Q1,2023-Jan
2023-01-15,20230115,15,1,January,2023,Sunday,2,1,2025-11-18 11:50:37,Weekend,0,Q1,2023-Jan
2023-01-16,20230116,16,1,January,2023,Monday,3,0,2025-11-18 11:50:37,Weekday,0,Q1,2023-Jan
2023-01-17,20230117,17,1,January,2023,Tuesday,3,0,2025-11-18 11:50:37,Weekday,0,Q1,2023-Jan
2023-01-18,20230118,18,1,January,2023,Wednesday,3,0,2025-11-18 11:50:37,Weekday,0,Q1,2023-Jan
2023-01-19,20230119,19,1,January,2023,Thursday,3,0,2025-11-18 11:50:37,Weekday,0,Q1,2023-Jan
2023-01-20,20230120,20,1,January,2023,Friday,3,0,2025-11-18 11:50:37,Weekday,0,Q1,2023-Jan
2023-01-21,20230121,21,1,January,2023,Saturday,3,1,2025-11-18 11:50:37,Weekend,0,Q1,2023-Jan
2023-01-22,20230122,22,1,January,2023,Sunday,3,1,2025-11-18 11:50:37,Weekend,0,Q1,2023-Jan
2023-01-23,20230123,23,1,January,2023,Monday,4,0,2025-11-18 11:50:37,Weekday,0,Q1,2023-Jan
2023-01-24,20230124,24,1,January,2023,Tuesday,4,0,2025-11-18 11:50:37,Weekday,0,Q1,2023-Jan
2023-01-25,20230125,25,1,January,2023,Wednesday,4,0,2025-11-18 11:50:37,Weekday,0,Q1,2023-Jan
2023-01-26,20230126,26,1,January,2023,Thursday,4,0,2025-11-18 11:50:37,Weekday,0,Q1,2023-Jan
2023-01-27,20230127,27,1,January,2023,Friday,4,0,2025-11-18 11:50:37,Weekday,0,Q1,2023-Jan
2023-01-28,20230128,28,1,January,2023,Saturday,4,1,2025-11-18 11:50:37,Weekend,0,Q1,2023-Jan
2023-01-29,20230129,29,1,January,2023,Sunday,4,1,2025-11-18 11:50:37,Weekend,0,Q1,2023-Jan
2023-01-30,20230130,30,1,January,2023,Monday,5,0,2025-11-18 11:50:37,Weekday,0,Q1,2023-Jan
2023-01-31,20230131,31,1,January,2023,Tuesday,5,0,2025-11-18 11:50:37,Weekday,0,Q1,2023-Jan
2023-02-01,20230201,1,2,February,2023,Wednesday,5,0,2025-11-18 11:50:37,Weekday,0,Q1,2023-Feb
2023-02-02,20230202,2,2,February,2023,Thursday,5,0,2025-11-18 11:50:37,Weekday,0,Q1,2023-Feb
2023-02-03,20230203,3,2,February,2023,Friday,5,0,2025-11-18 11:50:37,Weekday,0,Q1,2023-Feb
2023-02-04,20230204,4,2,February,2023,Saturday,5,1,2025-11-18 11:50:37,Weekend,0,Q1,2023-Feb
2023-02-05,20230205,5,2,February,2023,Sunday,5,1,2025-11-18 11:50:37,Weekend,0,Q1,2023-Feb
2023-02-06,20230206,6,2,February,2023,Monday,6,0,2025-11-18 11:50:37,Weekday,0,Q1,2023-Feb
2023-02-07,20230207,7,2,February,2023,Tuesday,6,0,2025-11-18 11:50:37,Weekday,0,Q1,2023-Feb
2023-02-08,20230208,8,2,February,2023,Wednesday,6,0,2025-11-18 11:50:37,Weekday,0,Q1,2023-Feb
2023-02-09,20230209,9,2,February,2023,Thursday,6,0,2025-11-18 11:50:37,Weekday,0,Q1,2023-Feb
2023-02-10,20230210,10,2,February,2023,Friday,6,0,2025-11-18 11:50:37,Weekday,0,Q1,2023-Feb
2023-02-11,20230211,11,2,February,2023,Saturday,6,1,2025-11-18 11:50:37,Weekend,0,Q1,2023-Feb
2023-02-12,20230212,12,2,February,2023,Sunday,6,1,2025-11-18 11:50:37,Weekend,0,Q1,2023-Feb
2023-02-13,20230213,13,2,February,2023,Monday,7,0,2025-11-18 11:50:37,Weekday,0,Q1,2023-Feb
2023-02-14,20230214,14,2,February,2023,Tuesday,7,0,2025-11-18 11:50:37,Weekday,0,Q1,2023-Feb
2023-02-15,20230215,15,2,February,2023,Wednesday,7,0,2025-11-18 11:50:37,Weekday,0,Q1,2023-Feb
2023-02-16,20230216,16,2,February,2023,Thursday,7,0,2025-11-18 11:50:37,Weekday,0,Q1,2023-Feb
2023-02-17,20230217,17,2,February,2023,Friday,7,0,2025-11-18 11:50:37,Weekday,0,Q1,2023-Feb
2023-02-18,20230218,18,2,February,2023,Saturday,7,1,2025-11-18 11:50:37,Weekend,0,Q1,2023-Feb
2023-02-19,20230219,19,2,February,2023,Sunday,7,1,2025-11-18 11:50:37,Weekend,0,Q1,2023-Feb
2023-02-20,20230220,20,2,February,2023,Monday,8,0,2025-11-18 11:50:37,Weekday,0,Q1,2023-Feb
2023-02-21,20230221,21,2,February,2023,Tuesday,8,0,2025-11-18 11:50:37,Weekday,0,Q1,2023-Feb
2023-02-22,20230222,22,2,February,2023,Wednesday,8,0,2025-11-18 11:50:37,Weekday,0,Q1,2023-Feb
2023-02-23,20230223,23,2,February,2023,Thursday,8,0,2025-11-18 11:50:37,Weekday,0,Q1,2023-Feb
2023-02-24,20230224,24,2,February,2023,Friday,8,0,2025-11-18 11:50:37,Weekday,0,Q1,2023-Feb
2023-02-25,20230225,25,2,February,2023,Saturday,8,1,2025-11-18 11:50:37,Weekend,0,Q1,2023-Feb
2023-02-26,20230226,26,2,February,2023,Sunday,8,1,2025-11-18 11:50:37,Weekend,0,Q1,2023-Feb
2023-02-27,20230227,27,2,February,2023,Monday,9,0,2025-11-18 11:50:37,Weekday,0,Q1,2023-Feb
2023-02-28,20230228,28,2,February,2023,Tuesday,9,0,2025-11-18 11:50:37,Weekday,0,Q1,2023-Feb
2023-03-01,20230301,1,3,March,2023,Wednesday,9,0,2025-11-18 11:50:37,Weekday,0,Q1,2023-Mar
2023-03-02,20230302,2,3,March,2023,Thursday,9,0,2025-11-18 11:50:37,Weekday,0,Q1,2023-Mar
2023-03-03,20230303,3,3,March,2023,Friday,9,0,2025-11-18 11:50:37,Weekday,0,Q1,2023-Mar
2023-03-04,20230304,4,3,March,2023,Saturday,9,1,2025-11-18 11:50:37,Weekend,0,Q1,2023-Mar
2023-03-05,20230305,5,3,March,2023,Sunday,9,1,2025-11-18 11:50:37,Weekend,0,Q1,2023-Mar
2023-03-06,20230306,6,3,March,2023,Monday,10,0,2025-11-18 11:50:37,Weekday,0,Q1,2023-Mar
2023-03-07,20230307,7,3,March,2023,Tuesday,10,0,2025-11-18 11:50:37,Weekday,0,Q1,2023-Mar
2023-03-08,20230308,8,3,March,2023,Wednesday,10,0,2025-11-18 11:50:37,Weekday,0,Q1,2023-Mar
2023-03-09,20230309,9,3,March,2023,Thursday,10,0,2025-11-18 11:50:37,Weekday,0,Q1,2023-Mar
2023-03-10,20230310,10,3,March,2023,Friday,10,0,2025-11-18 11:50:37,Weekday,0,Q1,2023-Mar
2023-03-11,20230311,11,3,March,2023,Saturday,10,1,2025-11-18 11:50:37,Weekend,0,Q1,2023-Mar
2023-03-12,20230312,12,3,March,2023,Sunday,10,1,2025-11-18 11:50:37,Weekend,0,Q1,2023-Mar
2023-03-13,20230313,13,3,March,2023,Monday,11,0,2025-11-18 11:50:37,Weekday,0,Q1,2023-Mar
2023-03-14,20230314,14,3,March,2023,Tuesday,11,0,2025-11-18 11:50:37,Weekday,0,Q1,2023-Mar
2023-03-15,20230315,15,3,March,2023,Wednesday,11,0,2025-11-18 11:50:37,Weekday,0,Q1,2023-Mar
2023-03-16,20230316,16,3,March,2023,Thursday,11,0,2025-11-18 11:50:37,Weekday,0,Q1,2023-Mar
2023-03-17,20230317,17,3,March,2023,Friday,11,0,2025-11-18 11:50:37,Weekday,0,Q1,2023-Mar
2023-03-18,20230318,18,3,March,2023,Saturday,11,1,2025-11-18 11:50:37,Weekend,0,Q1,2023-Mar
2023-03-19,20230319,19,3,March,2023,Sunday,11,1,2025-11-18 11:50:37,Weekend,0,Q1,2023-Mar
2023-03-20,20230320,20,3,March,2023,Monday,12,0,2025-11-18 11:50:37,Weekday,0,Q1,2023-Mar
2023-03-21,20230321,21,3,March,2023,Tuesday,12,0,2025-11-18 11:50:37,Weekday,0,Q1,2023-Mar
2023-03-22,20230322,22,3,March,2023,Wednesday,12,0,2025-11-18 11:50:37,Weekday,0,Q1,2023-Mar
2023-03-23,20230323,23,3,March,2023,Thursday,12,0,2025-11-18 11:50:37,Weekday,0,Q1,2023-Mar
2023-03-24,20230324,24,3,March,2023,Friday,12,0,2025-11-18 11:50:37,Weekday,0,Q1,2023-Mar
2023-03-25,20230325,25,3,March,2023,Saturday,12,1,2025-11-18 11:50:37,Weekend,0,Q1,2023-Mar
2023-03-26,20230326,26,3,March,2023,Sunday,12,1,2025-11-18 11:50:37,Weekend,0,Q1,2023-Mar
2023-03-27,20230327,27,3,March,2023,Monday,13,0,2025-11-18 11:50:37,Weekday,0,Q1,2023-Mar
2023-03-28,20230328,28,3,March,2023,Tuesday,13,0,2025-11-18 11:50:37,Weekday,0,Q1,2023-Mar
2023-03-29,20230329,29,3,March,2023,Wednesday,13,0,2025-11-18 11:50:37,Weekday,0,Q1,2023-Mar
2023-03-30,20230330,30,3,March,2023,Thursday,13,0,2025-11-18 11:50:37,Weekday,0,Q1,2023-Mar
2023-03-31,20230331,31,3,March,2023,Friday,13,0,2025-11-18 11:50:37,Weekday,0,Q1,2023-Mar
2023-04-01,20230401,1,4,April,2023,Saturday,13,1,2025-11-18 11:50:37,Weekend,0,Q2,2023-Apr
2023-04-02,20230402,2,4,April,2023,Sunday,13,1,2025-11-18 11:50:37,Weekend,0,Q2,2023-Apr
2023-04-03,20230403,3,4,April,2023,Monday,14,0,2025-11-18 11:50:37,Weekday,0,Q2,2023-Apr
2023-04-04,20230404,4,4,April,2023,Tuesday,14,0,2025-11-18 11:50:37,Weekday,0,Q2,2023-Apr
2023-04-05,20230405,5,4,April,2023,Wednesday,14,0,2025-11-18 11:50:37,Weekday,0,Q2,2023-Apr
2023-04-06,20230406,6,4,April,2023,Thursday,14,0,2025-11-18 11:50:37,Weekday,0,Q2,2023-Apr
2023-04-07,20230407,7,4,April,2023,Friday,14,0,2025-11-18 11:50:37,Weekday,0,Q2,2023-Apr
2023-04-08,20230408,8,4,April,2023,Saturday,14,1,2025-11-18 11:50:37,Weekend,0,Q2,2023-Apr
2023-04-09,20230409,9,4,April,2023,Sunday,14,1,2025-11-18 11:50:37,Weekend,0,Q2,2023-Apr
2023-04-10,20230410,10,4,April,2023,Monday,15,0,2025-11-18 11:50:37,Weekday,0,Q2,2023-Apr
2023-04-11,20230411,11,4,April,2023,Tuesday,15,0,2025-11-18 11:50:37,Weekday,0,Q2,2023-Apr
2023-04-12,20230412,12,4,April,2023,Wednesday,15,0,2025-11-18 11:50:37,Weekday,0,Q2,2023-Apr
2023-04-13,20230413,13,4,April,2023,Thursday,15,0,2025-11-18 11:50:37,Weekday,0,Q2,2023-Apr
2023-04-14,20230414,14,4,April,2023,Friday,15,0,2025-11-18 11:50:37,Weekday,0,Q2,2023-Apr
2023-04-15,20230415,15,4,April,2023,Saturday,15,1,2025-11-18 11:50:37,Weekend,0,Q2,2023-Apr
2023-04-16,20230416,16,4,April,2023,Sunday,15,1,2025-11-18 11:50:37,Weekend,0,Q2,2023-Apr
2023-04-17,20230417,17,4,April,2023,Monday,16,0,2025-11-18 11:50:37,Weekday,0,Q2,2023-Apr
2023-04-18,20230418,18,4,April,2023,Tuesday,16,0,2025-11-18 11:50:37,Weekday,0,Q2,2023-Apr
2023-04-19,20230419,19,4,April,2023,Wednesday,16,0,2025-11-18 11:50:37,Weekday,0,Q2,2023-Apr
2023-04-20,20230420,20,4,April,2023,Thursday,16,0,2025-11-18 11:50:37,Weekday,0,Q2,2023-Apr
2023-04-21,20230421,21,4,April,2023,Friday,16,0,2025-11-18 11:50:37,Weekday,0,Q2,2023-Apr
2023-04-22,20230422,22,4,April,2023,Saturday,16,1,2025-11-18 11:50:37,Weekend,0,Q2,2023-Apr
2023-04-23,20230423,23,4,April,2023,Sunday,16,1,2025-11-18 11:50:37,Weekend,0,Q2,2023-Apr
2023-04-24,20230424,24,4,April,2023,Monday,17,0,2025-11-18 11:50:37,Weekday,0,Q2,2023-Apr
2023-04-25,20230425,25,4,April,2023,Tuesday,17,0,2025-11-18 11:50:37,Weekday,0,Q2,2023-Apr
2023-04-26,20230426,26,4,April,2023,Wednesday,17,0,2025-11-18 11:50:37,Weekday,0,Q2,2023-Apr
2023-04-27,20230427,27,4,April,2023,Thursday,17,0,2025-11-18 11:50:37,Weekday,0,Q2,2023-Apr
2023-04-28,20230428,28,4,April,2023,Friday,17,0,2025-11-18 11:50:37,Weekday,0,Q2,2023-Apr
2023-04-29,20230429,29,4,April,2023,Saturday,17,1,2025-11-18 11:50:37,Weekend,0,Q2,2023-Apr
2023-04-30,20230430,30,4,April,2023,Sunday,17,1,2025-11-18 11:50:37,Weekend,0,Q2,2023-Apr
2023-05-01,20230501,1,5,May,2023,Monday,18,0,2025-11-18 11:50:37,Weekday,0,Q2,2023-May
2023-05-02,20230502,2,5,May,2023,Tuesday,18,0,2025-11-18 11:50:37,Weekday,0,Q2,2023-May
2023-05-03,20230503,3,5,May,2023,Wednesday,18,0,2025-11-18 11:50:37,Weekday,0,Q2,2023-May
2023-05-04,20230504,4,5,May,2023,Thursday,18,0,2025-11-18 11:50:37,Weekday,0,Q2,2023-May
2023-05-05,20230505,5,5,May,2023,Friday,18,0,2025-11-18 11:50:37,Weekday,0,Q2,2023-May
2023-05-06,20230506,6,5,May,2023,Saturday,18,1,2025-11-18 11:50:37,Weekend,0,Q2,2023-May
2023-05-07,20230507,7,5,May,2023,Sunday,18,1,2025-11-18 11:50:37,Weekend,0,Q2,2023-May
2023-05-08,20230508,8,5,May,2023,Monday,19,0,2025-11-18 11:50:37,Weekday,0,Q2,2023-May
2023-05-09,20230509,9,5,May,2023,Tuesday,19,0,2025-11-18 11:50:37,Weekday,0,Q2,2023-May
2023-05-10,20230510,10,5,May,2023,Wednesday,19,0,2025-11-18 11:50:37,Weekday,0,Q2,2023-May
2023-05-11,20230511,11,5,May,2023,Thursday,19,0,2025-11-18 11:50:37,Weekday,0,Q2,2023-May
2023-05-12,20230512,12,5,May,2023,Friday,19,0,2025-11-18 11:50:37,Weekday,0,Q2,2023-May
2023-05-13,20230513,13,5,May,2023,Saturday,19,1,2025-11-18 11:50:37,Weekend,0,Q2,2023-May
2023-05-14,20230514,14,5,May,2023,Sunday,19,1,2025-11-18 11:50:37,Weekend,0,Q2,2023-May
2023-05-15,20230515,15,5,May,2023,Monday,20,0,2025-11-18 11:50:37,Weekday,0,Q2,2023-May
2023-05-16,20230516,16,5,May,2023,Tuesday,20,0,2025-11-18 11:50:37,Weekday,0,Q2,2023-May
2023-05-17,20230517,17,5,May,2023,Wednesday,20,0,2025-11-18 11:50:37,Weekday,0,Q2,2023-May
2023-05-18,20230518,18,5,May,2023,Thursday,20,0,2025-11-18 11:50:37,Weekday,0,Q2,2023-May
2023-05-19,20230519,19,5,May,2023,Friday,20,0,2025-11-18 11:50:37,Weekday,0,Q2,2023-May
2023-05-20,20230520,20,5,May,2023,Saturday,20,1,2025-11-18 11:50:37,Weekend,0,Q2,2023-May
2023-05-21,20230521,21,5,May,2023,Sunday,20,1,2025-11-18 11:50:37,Weekend,0,Q2,2023-May
2023-05-22,20230522,22,5,May,2023,Monday,21,0,2025-11-18 11:50:37,Weekday,0,Q2,2023-May
2023-05-23,20230523,23,5,May,2023,Tuesday,21,0,2025-11-18 11:50:37,Weekday,0,Q2,2023-May
2023-05-24,20230524,24,5,May,2023,Wednesday,21,0,2025-11-18 11:50:37,Weekday,0,Q2,2023-May
2023-05-25,20230525,25,5,May,2023,Thursday,21,0,2025-11-18 11:50:37,Weekday,0,Q2,2023-May
2023-05-26,20230526,26,5,May,2023,Friday,21,0,2025-11-18 11:50:37,Weekday,0,Q2,2023-May
2023-05-27,20230527,27,5,May,2023,Saturday,21,1,2025-11-18 11:50:37,Weekend,0,Q2,2023-May
2023-05-28,20230528,28,5,May,2023,Sunday,21,1,2025-11-18 11:50:37,Weekend,0,Q2,2023-May
2023-05-29,20230529,29,5,May,2023,Monday,22,0,2025-11-18 11:50:37,Weekday,0,Q2,2023-May
2023-05-30,20230530,30,5,May,2023,Tuesday,22,0,2025-11-18 11:50:37,Weekday,0,Q2,2023-May
2023-05-31,20230531,31,5,May,2023,Wednesday,22,0,2025-11-18 11:50:37,Weekday,0,Q2,2023-May
2023-06-01,20230601,1,6,June,2023,Thursday,22,0,2025-11-18 11:50:37,Weekday,0,Q2,2023-Jun
2023-06-02,20230602,2,6,June,2023,Friday,22,0,2025-11-18 11:50:37,Weekday,0,Q2,2023-Jun
2023-06-03,20230603,3,6,June,2023,Saturday,22,1,2025-11-18 11:50:37,Weekend,0,Q2,2023-Jun
2023-06-04,20230604,4,6,June,2023,Sunday,22,1,2025-11-18 11:50:37,Weekend,0,Q2,2023-Jun
2023-06-05,20230605,5,6,June,2023,Monday,23,0,2025-11-18 11:50:37,Weekday,0,Q2,2023-Jun
2023-06-06,20230606,6,6,June,2023,Tuesday,23,0,2025-11-18 11:50:37,Weekday,0,Q2,2023-Jun
2023-06-07,20230607,7,6,June,2023,Wednesday,23,0,2025-11-18 11:50:37,Weekday,0,Q2,2023-Jun
2023-06-08,20230608,8,6,June,2023,Thursday,23,0,2025-11-18 11:50:37,Weekday,0,Q2,2023-Jun
2023-06-09,20230609,9,6,June,2023,Friday,23,0,2025-11-18 11:50:37,Weekday,0,Q2,2023-Jun
2023-06-10,20230610,10,6,June,2023,Saturday,23,1,2025-11-18 11:50:37,Weekend,0,Q2,2023-Jun
2023-06-11,20230611,11,6,June,2023,Sunday,23,1,2025-11-18 11:50:37,Weekend,0,Q2,2023-Jun
2023-06-12,20230612,12,6,June,2023,Monday,24,0,2025-11-18 11:50:37,Weekday,0,Q2,2023-Jun
2023-06-13,20230613,13,6,June,2023,Tuesday,24,0,2025-11-18 11:50:37,Weekday,0,Q2,2023-Jun
2023-06-14,20230614,14,6,June,2023,Wednesday,24,0,2025-11-18 11:50:37,Weekday,0,Q2,2023-Jun
2023-06-15,20230615,15,6,June,2023,Thursday,24,0,2025-11-18 11:50:37,Weekday,0,Q2,2023-Jun
2023-06-16,20230616,16,6,June,2023,Friday,24,0,2025-11-18 11:50:37,Weekday,0,Q2,2023-Jun
2023-06-17,20230617,17,6,June,2023,Saturday,24,1,2025-11-18 11:50:37,Weekend,0,Q2,2023-Jun
2023-06-18,20230618,18,6,June,2023,Sunday,24,1,2025-11-18 11:50:37,Weekend,0,Q2,2023-Jun
2023-06-19,20230619,19,6,June,2023,Monday,25,0,2025-11-18 11:50:37,Weekday,0,Q2,2023-Jun
2023-06-20,20230620,20,6,June,2023,Tuesday,25,0,2025-11-18 11:50:37,Weekday,0,Q2,2023-Jun
2023-06-21,20230621,21,6,June,2023,Wednesday,25,0,2025-11-18 11:50:37,Weekday,0,Q2,2023-Jun
2023-06-22,20230622,22,6,June,2023,Thursday,25,0,2025-11-18 11:50:37,Weekday,0,Q2,2023-Jun
2023-06-23,20230623,23,6,June,2023,Friday,25,0,2025-11-18 11:50:37,Weekday,0,Q2,2023-Jun
2023-06-24,20230624,24,6,June,2023,Saturday,25,1,2025-11-18 11:50:37,Weekend,0,Q2,2023-Jun
2023-06-25,20230625,25,6,June,2023,Sunday,25,1,2025-11-18 11:50:37,Weekend,0,Q2,2023-Jun
2023-06-26,20230626,26,6,June,2023,Monday,26,0,2025-11-18 11:50:37,Weekday,0,Q2,2023-Jun
2023-06-27,20230627,27,6,June,2023,Tuesday,26,0,2025-11-18 11:50:37,Weekday,0,Q2,2023-Jun
2023-06-28,20230628,28,6,June,2023,Wednesday,26,0,2025-11-18 11:50:37,Weekday,0,Q2,2023-Jun
2023-06-29,20230629,29,6,June,2023,Thursday,26,0,2025-11-18 11:50:37,Weekday,0,Q2,2023-Jun
2023-06-30,20230630,30,6,June,2023,Friday,26,0,2025-11-18 11:50:37,Weekday,0,Q2,2023-Jun
2023-07-01,20230701,1,7,July,2023,Saturday,26,1,2025-11-18 11:50:37,Weekend,0,Q3,2023-Jul
2023-07-02,20230702,2,7,July,2023,Sunday,26,1,2025-11-18 11:50:37,Weekend,0,Q3,2023-Jul
2023-07-03,20230703,3,7,July,2023,Monday,27,0,2025-11-18 11:50:37,Weekday,0,Q3,2023-Jul
2023-07-04,20230704,4,7,July,2023,Tuesday,27,0,2025-11-18 11:50:37,Weekday,0,Q3,2023-Jul
2023-07-05,20230705,5,7,July,2023,Wednesday,27,0,2025-11-18 11:50:37,Weekday,0,Q3,2023-Jul
2023-07-06,20230706,6,7,July,2023,Thursday,27,0,2025-11-18 11:50:37,Weekday,0,Q3,2023-Jul
2023-07-07,20230707,7,7,July,2023,Friday,27,0,2025-11-18 11:50:37,Weekday,0,Q3,2023-Jul
2023-07-08,20230708,8,7,July,2023,Saturday,27,1,2025-11-18 11:50:37,Weekend,0,Q3,2023-Jul
2023-07-09,20230709,9,7,July,2023,Sunday,27,1,2025-11-18 11:50:37,Weekend,0,Q3,2023-Jul
2023-07-10,20230710,10,7,July,2023,Monday,28,0,2025-11-18 11:50:37,Weekday,0,Q3,2023-Jul
2023-07-11,20230711,11,7,July,2023,Tuesday,28,0,2025-11-18 11:50:37,Weekday,0,Q3,2023-Jul
2023-07-12,20230712,12,7,July,2023,Wednesday,28,0,2025-11-18 11:50:37,Weekday,0,Q3,2023-Jul
2023-07-13,20230713,13,7,July,2023,Thursday,28,0,2025-11-18 11:50:37,Weekday,0,Q3,2023-Jul
2023-07-14,20230714,14,7,July,2023,Friday,28,0,2025-11-18 11:50:37,Weekday,0,Q3,2023-Jul
2023-07-15,20230715,15,7,July,2023,Saturday,28,1,2025-11-18 11:50:37,Weekend,0,Q3,2023-Jul
2023-07-16,20230716,16,7,July,2023,Sunday,28,1,2025-11-18 11:50:37,Weekend,0,Q3,2023-Jul
2023-07-17,20230717,17,7,July,2023,Monday,29,0,2025-11-18 11:50:37,Weekday,0,Q3,2023-Jul
2023-07-18,20230718,18,7,July,2023,Tuesday,29,0,2025-11-18 11:50:37,Weekday,0,Q3,2023-Jul
2023-07-19,20230719,19,7,July,2023,Wednesday,29,0,2025-11-18 11:50:37,Weekday,0,Q3,2023-Jul
2023-07-20,20230720,20,7,July,2023,Thursday,29,0,2025-11-18 11:50:37,Weekday,0,Q3,2023-Jul
2023-07-21,20230721,21,7,July,2023,Friday,29,0,2025-11-18 11:50:37,Weekday,0,Q3,2023-Jul
2023-07-22,20230722,22,7,July,2023,Saturday,29,1,2025-11-18 11:50:37,Weekend,0,Q3,2023-Jul
2023-07-23,20230723,23,7,July,2023,Sunday,29,1,2025-11-18 11:50:37,Weekend,0,Q3,2023-Jul
2023-07-24,20230724,24,7,July,2023,Monday,30,0,2025-11-18 11:50:37,Weekday,0,Q3,2023-Jul
2023-07-25,20230725,25,7,July,2023,Tuesday,30,0,2025-11-18 11:50:37,Weekday,0,Q3,2023-Jul
2023-07-26,20230726,26,7,July,2023,Wednesday,30,0,2025-11-18 11:50:37,Weekday,0,Q3,2023-Jul
2023-07-27,20230727,27,7,July,2023,Thursday,30,0,2025-11-18 11:50:37,Weekday,0,Q3,2023-Jul
2023-07-28,20230728,28,7,July,2023,Friday,30,0,2025-11-18 11:50:37,Weekday,0,Q3,2023-Jul
2023-07-29,20230729,29,7,July,2023,Saturday,30,1,2025-11-18 11:50:37,Weekend,0,Q3,2023-Jul
2023-07-30,20230730,30,7,July,2023,Sunday,30,1,2025-11-18 11:50:37,Weekend,0,Q3,2023-Jul
2023-07-31,20230731,31,7,July,2023,Monday,31,0,2025-11-18 11:50:37,Weekday,0,Q3,2023-Jul
2023-08-01,20230801,1,8,August,2023,Tuesday,31,0,2025-11-18 11:50:37,Weekday,0,Q3,2023-Aug
2023-08-02,20230802,2,8,August,2023,Wednesday,31,0,2025-11-18 11:50:37,Weekday,0,Q3,2023-Aug
2023-08-03,20230803,3,8,August,2023,Thursday,31,0,2025-11-18 11:50:37,Weekday,0,Q3,2023-Aug
2023-08-04,20230804,4,8,August,2023,Friday,31,0,2025-11-18 11:50:37,Weekday,0,Q3,2023-Aug
2023-08-05,20230805,5,8,August,2023,Saturday,31,1,2025-11-18 11:50:37,Weekend,0,Q3,2023-Aug
2023-08-06,20230806,6,8,August,2023,Sunday,31,1,2025-11-18 11:50:37,Weekend,0,Q3,2023-Aug
2023-08-07,20230807,7,8,August,2023,Monday,32,0,2025-11-18 11:50:37,Weekday,0,Q3,2023-Aug
2023-08-08,20230808,8,8,August,2023,Tuesday,32,0,2025-11-18 11:50:37,Weekday,0,Q3,2023-Aug
2023-08-09,20230809,9,8,August,2023,Wednesday,32,0,2025-11-18 11:50:37,Weekday,0,Q3,2023-Aug
2023-08-10,20230810,10,8,August,2023,Thursday,32,0,2025-11-18 11:50:37,Weekday,0,Q3,2023-Aug
2023-08-11,20230811,11,8,August,2023,Friday,32,0,2025-11-18 11:50:37,Weekday,0,Q3,2023-Aug
2023-08-12,20230812,12,8,August,2023,Saturday,32,1,2025-11-18 11:50:37,Weekend,0,Q3,2023-Aug
2023-08-13,20230813,13,8,August,2023,Sunday,32,1,2025-11-18 11:50:37,Weekend,0,Q3,2023-Aug
2023-08-14,20230814,14,8,August,2023,Monday,33,0,2025-11-18 11:50:37,Weekday,0,Q3,2023-Aug
2023-08-15,20230815,15,8,August,2023,Tuesday,33,0,2025-11-18 11:50:37,Weekday,0,Q3,2023-Aug
2023-08-16,20230816,16,8,August,2023,Wednesday,33,0,2025-11-18 11:50:37,Weekday,0,Q3,2023-Aug
2023-08-17,20230817,17,8,August,2023,Thursday,33,0,2025-11-18 11:50:37,Weekday,0,Q3,2023-Aug
2023-08-18,20230818,18,8,August,2023,Friday,33,0,2025-11-18 11:50:37,Weekday,0,Q3,2023-Aug
2023-08-19,20230819,19,8,August,2023,Saturday,33,1,2025-11-18 11:50:37,Weekend,0,Q3,2023-Aug
2023-08-20,20230820,20,8,August,2023,Sunday,33,1,2025-11-18 11:50:37,Weekend,0,Q3,2023-Aug
2023-08-21,20230821,21,8,August,2023,Monday,34,0,2025-11-18 11:50:37,Weekday,0,Q3,2023-Aug
2023-08-22,20230822,22,8,August,2023,Tuesday,34,0,2025-11-18 11:50:37,Weekday,0,Q3,2023-Aug
2023-08-23,20230823,23,8,August,2023,Wednesday,34,0,2025-11-18 11:50:37,Weekday,0,Q3,2023-Aug
2023-08-24,20230824,24,8,August,2023,Thursday,34,0,2025-11-18 11:50:37,Weekday,0,Q3,2023-Aug
2023-08-25,20230825,25,8,August,2023,Friday,34,0,2025-11-18 11:50:37,Weekday,0,Q3,2023-Aug
2023-08-26,20230826,26,8,August,2023,Saturday,34,1,2025-11-18 11:50:37,Weekend,0,Q3,2023-Aug
2023-08-27,20230827,27,8,August,2023,Sunday,34,1,2025-11-18 11:50:37,Weekend,0,Q3,2023-Aug
2023-08-28,20230828,28,8,August,2023,Monday,35,0,2025-11-18 11:50:37,Weekday,0,Q3,2023-Aug
2023-08-29,20230829,29,8,August,2023,Tuesday,35,0,2025-11-18 11:50:37,Weekday,0,Q3,2023-Aug
2023-08-30,20230830,30,8,August,2023,Wednesday,35,0,2025-11-18 11:50:37,Weekday,0,Q3,2023-Aug
2023-08-31,20230831,31,8,August,2023,Thursday,35,0,2025-11-18 11:50:37,Weekday,0,Q3,2023-Aug
2023-09-01,20230901,1,9,September,2023,Friday,35,0,2025-11-18 11:50:37,Weekday,0,Q3,2023-Sep
2023-09-02,20230902,2,9,September,2023,Saturday,35,1,2025-11-18 11:50:37,Weekend,0,Q3,2023-Sep
2023-09-03,20230903,3,9,September,2023,Sunday,35,1,2025-11-18 11:50:37,Weekend,0,Q3,2023-Sep
2023-09-04,20230904,4,9,September,2023,Monday,36,0,2025-11-18 11:50:37,Weekday,0,Q3,2023-Sep
2023-09-05,20230905,5,9,September,2023,Tuesday,36,0,2025-11-18 11:50:37,Weekday,0,Q3,2023-Sep
2023-09-06,20230906,6,9,September,2023,Wednesday,36,0,2025-11-18 11:50:37,Weekday,0,Q3,2023-Sep
2023-09-07,20230907,7,9,September,2023,Thursday,36,0,2025-11-18 11:50:37,Weekday,0,Q3,2023-Sep
2023-09-08,20230908,8,9,September,2023,Friday,36,0,2025-11-18 11:50:37,Weekday,0,Q3,2023-Sep
2023-09-09,20230909,9,9,September,2023,Saturday,36,1,2025-11-18 11:50:37,Weekend,0,Q3,2023-Sep
2023-09-10,20230910,10,9,September,2023,Sunday,36,1,2025-11-18 11:50:37,Weekend,0,Q3,2023-Sep
2023-09-11,20230911,11,9,September,2023,Monday,37,0,2025-11-18 11:50:37,Weekday,0,Q3,2023-Sep
2023-09-12,20230912,12,9,September,2023,Tuesday,37,0,2025-11-18 11:50:37,Weekday,0,Q3,2023-Sep
2023-09-13,20230913,13,9,September,2023,Wednesday,37,0,2025-11-18 11:50:37,Weekday,0,Q3,2023-Sep
2023-09-14,20230914,14,9,September,2023,Thursday,37,0,2025-11-18 11:50:37,Weekday,0,Q3,2023-Sep
2023-09-15,20230915,15,9,September,2023,Friday,37,0,2025-11-18 11:50:37,Weekday,0,Q3,2023-Sep
2023-09-16,20230916,16,9,September,2023,Saturday,37,1,2025-11-18 11:50:37,Weekend,0,Q3,2023-Sep
2023-09-17,20230917,17,9,September,2023,Sunday,37,1,2025-11-18 11:50:37,Weekend,0,Q3,2023-Sep
2023-09-18,20230918,18,9,September,2023,Monday,38,0,2025-11-18 11:50:37,Weekday,0,Q3,2023-Sep
2023-09-19,20230919,19,9,September,2023,Tuesday,38,0,2025-11-18 11:50:37,Weekday,0,Q3,2023-Sep
2023-09-20,20230920,20,9,September,2023,Wednesday,38,0,2025-11-18 11:50:37,Weekday,0,Q3,2023-Sep
2023-09-21,20230921,21,9,September,2023,Thursday,38,0,2025-11-18 11:50:37,Weekday,0,Q3,2023-Sep
2023-09-22,20230922,22,9,September,2023,Friday,38,0,2025-11-18 11:50:37,Weekday,0,Q3,2023-Sep
2023-09-23,20230923,23,9,September,2023,Saturday,38,1,2025-11-18 11:50:37,Weekend,0,Q3,2023-Sep
2023-09-24,20230924,24,9,September,2023,Sunday,38,1,2025-11-18 11:50:37,Weekend,0,Q3,2023-Sep
2023-09-25,20230925,25,9,September,2023,Monday,39,0,2025-11-18 11:50:37,Weekday,0,Q3,2023-Sep
2023-09-26,20230926,26,9,September,2023,Tuesday,39,0,2025-11-18 11:50:37,Weekday,0,Q3,2023-Sep
2023-09-27,20230927,27,9,September,2023,Wednesday,39,0,2025-11-18 11:50:37,Weekday,0,Q3,2023-Sep
2023-09-28,20230928,28,9,September,2023,Thursday,39,0,2025-11-18 11:50:37,Weekday,0,Q3,2023-Sep
2023-09-29,20230929,29,9,September,2023,Friday,39,0,2025-11-18 11:50:37,Weekday,0,Q3,2023-Sep
2023-09-30,20230930,30,9,September,2023,Saturday,39,1,2025-11-18 11:50:37,Weekend,0,Q3,2023-Sep
2023-10-01,20231001,1,10,October,2023,Sunday,39,1,2025-11-18 11:50:37,Weekend,0,Q4,2023-Oct
2023-10-02,20231002,2,10,October,2023,Monday,40,0,2025-11-18 11:50:37,Weekday,0,Q4,2023-Oct
2023-10-03,20231003,3,10,October,2023,Tuesday,40,0,2025-11-18 11:50:37,Weekday,0,Q4,2023-Oct
2023-10-04,20231004,4,10,October,2023,Wednesday,40,0,2025-11-18 11:50:37,Weekday,0,Q4,2023-Oct
2023-10-05,20231005,5,10,October,2023,Thursday,40,0,2025-11-18 11:50:37,Weekday,0,Q4,2023-Oct
2023-10-06,20231006,6,10,October,2023,Friday,40,0,2025-11-18 11:50:37,Weekday,0,Q4,2023-Oct
2023-10-07,20231007,7,10,October,2023,Saturday,40,1,2025-11-18 11:50:37,Weekend,0,Q4,2023-Oct
2023-10-08,20231008,8,10,October,2023,Sunday,40,1,2025-11-18 11:50:37,Weekend,0,Q4,2023-Oct
2023-10-09,20231009,9,10,October,2023,Monday,41,0,2025-11-18 11:50:37,Weekday,0,Q4,2023-Oct
2023-10-10,20231010,10,10,October,2023,Tuesday,41,0,2025-11-18 11:50:37,Weekday,0,Q4,2023-Oct
2023-10-11,20231011,11,10,October,2023,Wednesday,41,0,2025-11-18 11:50:37,Weekday,0,Q4,2023-Oct
2023-10-12,20231012,12,10,October,2023,Thursday,41,0,2025-11-18 11:50:37,Weekday,0,Q4,2023-Oct
2023-10-13,20231013,13,10,October,2023,Friday,41,0,2025-11-18 11:50:37,Weekday,0,Q4,2023-Oct
2023-10-14,20231014,14,10,October,2023,Saturday,41,1,2025-11-18 11:50:37,Weekend,0,Q4,2023-Oct
2023-10-15,20231015,15,10,October,2023,Sunday,41,1,2025-11-18 11:50:37,Weekend,0,Q4,2023-Oct
2023-10-16,20231016,16,10,October,2023,Monday,42,0,2025-11-18 11:50:37,Weekday,0,Q4,2023-Oct
2023-10-17,20231017,17,10,October,2023,Tuesday,42,0,2025-11-18 11:50:37,Weekday,0,Q4,2023-Oct
2023-10-18,20231018,18,10,October,2023,Wednesday,42,0,2025-11-18 11:50:37,Weekday,0,Q4,2023-Oct
2023-10-19,20231019,19,10,October,2023,Thursday,42,0,2025-11-18 11:50:37,Weekday,0,Q4,2023-Oct
2023-10-20,20231020,20,10,October,2023,Friday,42,0,2025-11-18 11:50:37,Weekday,0,Q4,2023-Oct
2023-10-21,20231021,21,10,October,2023,Saturday,42,1,2025-11-18 11:50:37,Weekend,0,Q4,2023-Oct
2023-10-22,20231022,22,10,October,2023,Sunday,42,1,2025-11-18 11:50:37,Weekend,0,Q4,2023-Oct
2023-10-23,20231023,23,10,October,2023,Monday,43,0,2025-11-18 11:50:37,Weekday,0,Q4,2023-Oct
2023-10-24,20231024,24,10,October,2023,Tuesday,43,0,2025-11-18 11:50:37,Weekday,0,Q4,2023-Oct
2023-10-25,20231025,25,10,October,2023,Wednesday,43,0,2025-11-18 11:50:37,Weekday,0,Q4,2023-Oct
2023-10-26,20231026,26,10,October,2023,Thursday,43,0,2025-11-18 11:50:37,Weekday,0,Q4,2023-Oct
2023-10-27,20231027,27,10,October,2023,Friday,43,0,2025-11-18 11:50:37,Weekday,0,Q4,2023-Oct
2023-10-28,20231028,28,10,October,2023,Saturday,43,1,2025-11-18 11:50:37,Weekend,0,Q4,2023-Oct
2023-10-29,20231029,29,10,October,2023,Sunday,43,1,2025-11-18 11:50:37,Weekend,0,Q4,2023-Oct
2023-10-30,20231030,30,10,October,2023,Monday,44,0,2025-11-18 11:50:37,Weekday,0,Q4,2023-Oct
2023-10-31,20231031,31,10,October,2023,Tuesday,44,0,2025-11-18 11:50:37,Weekday,0,Q4,2023-Oct
2023-11-01,20231101,1,11,November,2023,Wednesday,44,0,2025-11-18 11:50:37,Weekday,0,Q4,2023-Nov
2023-11-02,20231102,2,11,November,2023,Thursday,44,0,2025-11-18 11:50:37,Weekday,0,Q4,2023-Nov
2023-11-03,20231103,3,11,November,2023,Friday,44,0,2025-11-18 11:50:37,Weekday,0,Q4,2023-Nov
2023-11-04,20231104,4,11,November,2023,Saturday,44,1,2025-11-18 11:50:37,Weekend,0,Q4,2023-Nov
2023-11-05,20231105,5,11,November,2023,Sunday,44,1,2025-11-18 11:50:37,Weekend,0,Q4,2023-Nov
2023-11-06,20231106,6,11,November,2023,Monday,45,0,2025-11-18 11:50:37,Weekday,0,Q4,2023-Nov
2023-11-07,20231107,7,11,November,2023,Tuesday,45,0,2025-11-18 11:50:37,Weekday,0,Q4,2023-Nov
2023-11-08,20231108,8,11,November,2023,Wednesday,45,0,2025-11-18 11:50:37,Weekday,0,Q4,2023-Nov
2023-11-09,20231109,9,11,November,2023,Thursday,45,0,2025-11-18 11:50:37,Weekday,0,Q4,2023-Nov
2023-11-10,20231110,10,11,November,2023,Friday,45,0,2025-11-18 11:50:37,Weekday,0,Q4,2023-Nov
2023-11-11,20231111,11,11,November,2023,Saturday,45,1,2025-11-18 11:50:37,Weekend,0,Q4,2023-Nov
2023-11-12,20231112,12,11,November,2023,Sunday,45,1,2025-11-18 11:50:37,Weekend,0,Q4,2023-Nov
2023-11-13,20231113,13,11,November,2023,Monday,46,0,2025-11-18 11:50:37,Weekday,0,Q4,2023-Nov
2023-11-14,20231114,14,11,November,2023,Tuesday,46,0,2025-11-18 11:50:37,Weekday,0,Q4,2023-Nov
2023-11-15,20231115,15,11,November,2023,Wednesday,46,0,2025-11-18 11:50:37,Weekday,0,Q4,2023-Nov
2023-11-16,20231116,16,11,November,2023,Thursday,46,0,2025-11-18 11:50:37,Weekday,0,Q4,2023-Nov
2023-11-17,20231117,17,11,November,2023,Friday,46,0,2025-11-18 11:50:37,Weekday,0,Q4,2023-Nov
2023-11-18,20231118,18,11,November,2023,Saturday,46,1,2025-11-18 11:50:37,Weekend,0,Q4,2023-Nov
2023-11-19,20231119,19,11,November,2023,Sunday,46,1,2025-11-18 11:50:37,Weekend,0,Q4,2023-Nov
2023-11-20,20231120,20,11,November,2023,Monday,47,0,2025-11-18 11:50:37,Weekday,0,Q4,2023-Nov
2023-11-21,20231121,21,11,November,2023,Tuesday,47,0,2025-11-18 11:50:37,Weekday,0,Q4,2023-Nov
2023-11-22,20231122,22,11,November,2023,Wednesday,47,0,2025-11-18 11:50:37,Weekday,0,Q4,2023-Nov
2023-11-23,20231123,23,11,November,2023,Thursday,47,0,2025-11-18 11:50:37,Weekday,0,Q4,2023-Nov
2023-11-24,20231124,24,11,November,2023,Friday,47,0,2025-11-18 11:50:37,Weekday,0,Q4,2023-Nov
2023-11-25,20231125,25,11,November,2023,Saturday,47,1,2025-11-18 11:50:37,Weekend,0,Q4,2023-Nov
2023-11-26,20231126,26,11,November,2023,Sunday,47,1,2025-11-18 11:50:37,Weekend,0,Q4,2023-Nov
2023-11-27,20231127,27,11,November,2023,Monday,48,0,2025-11-18 11:50:37,Weekday,0,Q4,2023-Nov
2023-11-28,20231128,28,11,November,2023,Tuesday,48,0,2025-11-18 11:50:37,Weekday,0,Q4,2023-Nov
2023-11-29,20231129,29,11,November,2023,Wednesday,48,0,2025-11-18 11:50:37,Weekday,0,Q4,2023-Nov
2023-11-30,20231130,30,11,November,2023,Thursday,48,0,2025-11-18 11:50:37,Weekday,0,Q4,2023-Nov
2023-12-01,20231201,1,12,December,2023,Friday,48,0,2025-11-18 11:50:37,Weekday,0,Q4,2023-Dec
2023-12-02,20231202,2,12,December,2023,Saturday,48,1,2025-11-18 11:50:37,Weekend,0,Q4,2023-Dec
2023-12-03,20231203,3,12,December,2023,Sunday,48,1,2025-11-18 11:50:37,Weekend,0,Q4,2023-Dec
2023-12-04,20231204,4,12,December,2023,Monday,49,0,2025-11-18 11:50:37,Weekday,0,Q4,2023-Dec
2023-12-05,20231205,5,12,December,2023,Tuesday,49,0,2025-11-18 11:50:37,Weekday,0,Q4,2023-Dec
2023-12-06,20231206,6,12,December,2023,Wednesday,49,0,2025-11-18 11:50:37,Weekday,0,Q4,2023-Dec
2023-12-07,20231207,7,12,December,2023,Thursday,49,0,2025-11-18 11:50:37,Weekday,0,Q4,2023-Dec
2023-12-08,20231208,8,12,December,2023,Friday,49,0,2025-11-18 11:50:37,Weekday,0,Q4,2023-Dec
2023-12-09,20231209,9,12,December,2023,Saturday,49,1,2025-11-18 11:50:37,Weekend,0,Q4,2023-Dec
2023-12-10,20231210,10,12,December,2023,Sunday,49,1,2025-11-18 11:50:37,Weekend,0,Q4,2023-Dec
2023-12-11,20231211,11,12,December,2023,Monday,50,0,2025-11-18 11:50:37,Weekday,0,Q4,2023-Dec
2023-12-12,20231212,12,12,December,2023,Tuesday,50,0,2025-11-18 11:50:37,Weekday,0,Q4,2023-Dec
2023-12-13,20231213,13,12,December,2023,Wednesday,50,0,2025-11-18 11:50:37,Weekday,0,Q4,2023-Dec
2023-12-14,20231214,14,12,December,2023,Thursday,50,0,2025-11-18 11:50:37,Weekday,0,Q4,2023-Dec
2023-12-15,20231215,15,12,December,2023,Friday,50,0,2025-11-18 11:50:37,Weekday,0,Q4,2023-Dec
2023-12-16,20231216,16,12,December,2023,Saturday,50,1,2025-11-18 11:50:37,Weekend,0,Q4,2023-Dec
2023-12-17,20231217,17,12,December,2023,Sunday,50,1,2025-11-18 11:50:37,Weekend,0,Q4,2023-Dec
2023-12-18,20231218,18,12,December,2023,Monday,51,0,2025-11-18 11:50:37,Weekday,0,Q4,2023-Dec
2023-12-19,20231219,19,12,December,2023,Tuesday,51,0,2025-11-18 11:50:37,Weekday,0,Q4,2023-Dec
2023-12-20,20231220,20,12,December,2023,Wednesday,51,0,2025-11-18 11:50:37,Weekday,0,Q4,2023-Dec
2023-12-21,20231221,21,12,December,2023,Thursday,51,0,2025-11-18 11:50:37,Weekday,0,Q4,2023-Dec
2023-12-22,20231222,22,12,December,2023,Friday,51,0,2025-11-18 11:50:37,Weekday,0,Q4,2023-Dec
2023-12-23,20231223,23,12,December,2023,Saturday,51,1,2025-11-18 11:50:37,Weekend,0,Q4,2023-Dec
2023-12-24,20231224,24,12,December,2023,Sunday,51,1,2025-11-18 11:50:37,Weekend,0,Q4,2023-Dec
2023-12-25,20231225,25,12,December,2023,Monday,52,0,2025-11-18 11:50:37,Weekday,0,Q4,2023-Dec
2023-12-26,20231226,26,12,December,2023,Tuesday,52,0,2025-11-18 11:50:37,Weekday,0,Q4,2023-Dec
2023-12-27,20231227,27,12,December,2023,Wednesday,52,0,2025-11-18 11:50:37,Weekday,0,Q4,2023-Dec
2023-12-28,20231228,28,12,December,2023,Thursday,52,0,2025-11-18 11:50:37,Weekday,0,Q4,2023-Dec
2023-12-29,20231229,29,12,December,2023,Friday,52,0,2025-11-18 11:50:37,Weekday,0,Q4,2023-Dec
2023-12-30,20231230,30,12,December,2023,Saturday,52,1,2025-11-18 11:50:37,Weekend,0,Q4,2023-Dec
2023-12-31,20231231,31,12,December,2023,Sunday,52,1,2025-11-18 11:50:37,Weekend,0,Q4,2023-Dec
2024-01-01,20240101,1,1,January,2024,Monday,1,0,2025-11-18 11:50:37,Weekday,0,Q1,2024-Jan
2024-01-02,20240102,2,1,January,2024,Tuesday,1,0,2025-11-18 11:50:37,Weekday,0,Q1,2024-Jan
2024-01-03,20240103,3,1,January,2024,Wednesday,1,0,2025-11-18 11:50:37,Weekday,0,Q1,2024-Jan
2024-01-04,20240104,4,1,January,2024,Thursday,1,0,2025-11-18 11:50:37,Weekday,0,Q1,2024-Jan
2024-01-05,20240105,5,1,January,2024,Friday,1,0,2025-11-18 11:50:37,Weekday,0,Q1,2024-Jan
2024-01-06,20240106,6,1,January,2024,Saturday,1,1,2025-11-18 11:50:37,Weekend,0,Q1,2024-Jan
2024-01-07,20240107,7,1,January,2024,Sunday,1,1,2025-11-18 11:50:37,Weekend,0,Q1,2024-Jan
2024-01-08,20240108,8,1,January,2024,Monday,2,0,2025-11-18 11:50:37,Weekday,0,Q1,2024-Jan
2024-01-09,20240109,9,1,January,2024,Tuesday,2,0,2025-11-18 11:50:37,Weekday,0,Q1,2024-Jan
2024-01-10,20240110,10,1,January,2024,Wednesday,2,0,2025-11-18 11:50:37,Weekday,0,Q1,2024-Jan
2024-01-11,20240111,11,1,January,2024,Thursday,2,0,2025-11-18 11:50:37,Weekday,0,Q1,2024-Jan
2024-01-12,20240112,12,1,January,2024,Friday,2,0,2025-11-18 11:50:37,Weekday,0,Q1,2024-Jan
2024-01-13,20240113,13,1,January,2024,Saturday,2,1,2025-11-18 11:50:37,Weekend,0,Q1,2024-Jan
2024-01-14,20240114,14,1,January,2024,Sunday,2,1,2025-11-18 11:50:37,Weekend,0,Q1,2024-Jan
2024-01-15,20240115,15,1,January,2024,Monday,3,0,2025-11-18 11:50:37,Weekday,0,Q1,2024-Jan
2024-01-16,20240116,16,1,January,2024,Tuesday,3,0,2025-11-18 11:50:37,Weekday,0,Q1,2024-Jan
2024-01-17,20240117,17,1,January,2024,Wednesday,3,0,2025-11-18 11:50:37,Weekday,0,Q1,2024-Jan
2024-01-18,20240118,18,1,January,2024,Thursday,3,0,2025-11-18 11:50:37,Weekday,0,Q1,2024-Jan
2024-01-19,20240119,19,1,January,2024,Friday,3,0,2025-11-18 11:50:37,Weekday,0,Q1,2024-Jan
2024-01-20,20240120,20,1,January,2024,Saturday,3,1,2025-11-18 11:50:37,Weekend,0,Q1,2024-Jan
2024-01-21,20240121,21,1,January,2024,Sunday,3,1,2025-11-18 11:50:37,Weekend,0,Q1,2024-Jan
2024-01-22,20240122,22,1,January,2024,Monday,4,0,2025-11-18 11:50:37,Weekday,0,Q1,2024-Jan
2024-01-23,20240123,23,1,January,2024,Tuesday,4,0,2025-11-18 11:50:37,Weekday,0,Q1,2024-Jan
2024-01-24,20240124,24,1,January,2024,Wednesday,4,0,2025-11-18 11:50:37,Weekday,0,Q1,2024-Jan
2024-01-25,20240125,25,1,January,2024,Thursday,4,0,2025-11-18 11:50:37,Weekday,0,Q1,2024-Jan
2024-01-26,20240126,26,1,January,2024,Friday,4,0,2025-11-18 11:50:37,Weekday,0,Q1,2024-Jan
2024-01-27,20240127,27,1,January,2024,Saturday,4,1,2025-11-18 11:50:37,Weekend,0,Q1,2024-Jan
2024-01-28,20240128,28,1,January,2024,Sunday,4,1,2025-11-18 11:50:37,Weekend,0,Q1,2024-Jan
2024-01-29,20240129,29,1,January,2024,Monday,5,0,2025-11-18 11:50:37,Weekday,0,Q1,2024-Jan
2024-01-30,20240130,30,1,January,2024,Tuesday,5,0,2025-11-18 11:50:37,Weekday,0,Q1,2024-Jan
2024-01-31,20240131,31,1,January,2024,Wednesday,5,0,2025-11-18 11:50:37,Weekday,0,Q1,2024-Jan
2024-02-01,20240201,1,2,February,2024,Thursday,5,0,2025-11-18 11:50:37,Weekday,0,Q1,2024-Feb
2024-02-02,20240202,2,2,February,2024,Friday,5,0,2025-11-18 11:50:37,Weekday,0,Q1,2024-Feb
2024-02-03,20240203,3,2,February,2024,Saturday,5,1,2025-11-18 11:50:37,Weekend,0,Q1,2024-Feb
2024-02-04,20240204,4,2,February,2024,Sunday,5,1,2025-11-18 11:50:37,Weekend,0,Q1,2024-Feb
2024-02-05,20240205,5,2,February,2024,Monday,6,0,2025-11-18 11:50:37,Weekday,0,Q1,2024-Feb
2024-02-06,20240206,6,2,February,2024,Tuesday,6,0,2025-11-18 11:50:37,Weekday,0,Q1,2024-Feb
2024-02-07,20240207,7,2,February,2024,Wednesday,6,0,2025-11-18 11:50:37,Weekday,0,Q1,2024-Feb
2024-02-08,20240208,8,2,February,2024,Thursday,6,0,2025-11-18 11:50:37,Weekday,0,Q1,2024-Feb
2024-02-09,20240209,9,2,February,2024,Friday,6,0,2025-11-18 11:50:37,Weekday,0,Q1,2024-Feb
2024-02-10,20240210,10,2,February,2024,Saturday,6,1,2025-11-18 11:50:37,Weekend,0,Q1,2024-Feb
2024-02-11,20240211,11,2,February,2024,Sunday,6,1,2025-11-18 11:50:37,Weekend,0,Q1,2024-Feb
2024-02-12,20240212,12,2,February,2024,Monday,7,0,2025-11-18 11:50:37,Weekday,0,Q1,2024-Feb
2024-02-13,20240213,13,2,February,2024,Tuesday,7,0,2025-11-18 11:50:37,Weekday,0,Q1,2024-Feb
2024-02-14,20240214,14,2,February,2024,Wednesday,7,0,2025-11-18 11:50:37,Weekday,0,Q1,2024-Feb
2024-02-15,20240215,15,2,February,2024,Thursday,7,0,2025-11-18 11:50:37,Weekday,0,Q1,2024-Feb
2024-02-16,20240216,16,2,February,2024,Friday,7,0,2025-11-18 11:50:37,Weekday,0,Q1,2024-Feb
2024-02-17,20240217,17,2,February,2024,Saturday,7,1,2025-11-18 11:50:37,Weekend,0,Q1,2024-Feb
2024-02-18,20240218,18,2,February,2024,Sunday,7,1,2025-11-18 11:50:37,Weekend,0,Q1,2024-Feb
2024-02-19,20240219,19,2,February,2024,Monday,8,0,2025-11-18 11:50:37,Weekday,0,Q1,2024-Feb
2024-02-20,20240220,20,2,February,2024,Tuesday,8,0,2025-11-18 11:50:37,Weekday,0,Q1,2024-Feb
2024-02-21,20240221,21,2,February,2024,Wednesday,8,0,2025-11-18 11:50:37,Weekday,0,Q1,2024-Feb
2024-02-22,20240222,22,2,February,2024,Thursday,8,0,2025-11-18 11:50:37,Weekday,0,Q1,2024-Feb
2024-02-23,20240223,23,2,February,2024,Friday,8,0,2025-11-18 11:50:37,Weekday,0,Q1,2024-Feb
2024-02-24,20240224,24,2,February,2024,Saturday,8,1,2025-11-18 11:50:37,Weekend,0,Q1,2024-Feb
2024-02-25,20240225,25,2,February,2024,Sunday,8,1,2025-11-18 11:50:37,Weekend,0,Q1,2024-Feb
2024-02-26,20240226,26,2,February,2024,Monday,9,0,2025-11-18 11:50:37,Weekday,0,Q1,2024-Feb
2024-02-27,20240227,27,2,February,2024,Tuesday,9,0,2025-11-18 11:50:37,Weekday,0,Q1,2024-Feb
2024-02-28,20240228,28,2,February,2024,Wednesday,9,0,2025-11-18 11:50:37,Weekday,0,Q1,2024-Feb
2024-02-29,20240229,29,2,February,2024,Thursday,9,0,2025-11-18 11:50:37,Weekday,0,Q1,2024-Feb
2024-03-01,20240301,1,3,March,2024,Friday,9,0,2025-11-18 11:50:37,Weekday,0,Q1,2024-Mar
2024-03-02,20240302,2,3,March,2024,Saturday,9,1,2025-11-18 11:50:37,Weekend,0,Q1,2024-Mar
2024-03-03,20240303,3,3,March,2024,Sunday,9,1,2025-11-18 11:50:37,Weekend,0,Q1,2024-Mar
2024-03-04,20240304,4,3,March,2024,Monday,10,0,2025-11-18 11:50:37,Weekday,0,Q1,2024-Mar
2024-03-05,20240305,5,3,March,2024,Tuesday,10,0,2025-11-18 11:50:37,Weekday,0,Q1,2024-Mar
2024-03-06,20240306,6,3,March,2024,Wednesday,10,0,2025-11-18 11:50:37,Weekday,0,Q1,2024-Mar
2024-03-07,20240307,7,3,March,2024,Thursday,10,0,2025-11-18 11:50:37,Weekday,0,Q1,2024-Mar
2024-03-08,20240308,8,3,March,2024,Friday,10,0,2025-11-18 11:50:37,Weekday,0,Q1,2024-Mar
2024-03-09,20240309,9,3,March,2024,Saturday,10,1,2025-11-18 11:50:37,Weekend,0,Q1,2024-Mar
2024-03-10,20240310,10,3,March,2024,Sunday,10,1,2025-11-18 11:50:37,Weekend,0,Q1,2024-Mar
2024-03-11,20240311,11,3,March,2024,Monday,11,0,2025-11-18 11:50:37,Weekday,0,Q1,2024-Mar
2024-03-12,20240312,12,3,March,2024,Tuesday,11,0,2025-11-18 11:50:37,Weekday,0,Q1,2024-Mar
2024-03-13,20240313,13,3,March,2024,Wednesday,11,0,2025-11-18 11:50:37,Weekday,0,Q1,2024-Mar
2024-03-14,20240314,14,3,March,2024,Thursday,11,0,2025-11-18 11:50:37,Weekday,0,Q1,2024-Mar
2024-03-15,20240315,15,3,March,2024,Friday,11,0,2025-11-18 11:50:37,Weekday,0,Q1,2024-Mar
2024-03-16,20240316,16,3,March,2024,Saturday,11,1,2025-11-18 11:50:37,Weekend,0,Q1,2024-Mar
2024-03-17,20240317,17,3,March,2024,Sunday,11,1,2025-11-18 11:50:37,Weekend,0,Q1,2024-Mar
2024-03-18,20240318,18,3,March,2024,Monday,12,0,2025-11-18 11:50:37,Weekday,0,Q1,2024-Mar
2024-03-19,20240319,19,3,March,2024,Tuesday,12,0,2025-11-18 11:50:37,Weekday,0,Q1,2024-Mar
2024-03-20,20240320,20,3,March,2024,Wednesday,12,0,2025-11-18 11:50:37,Weekday,0,Q1,2024-Mar
2024-03-21,20240321,21,3,March,2024,Thursday,12,0,2025-11-18 11:50:37,Weekday,0,Q1,2024-Mar
2024-03-22,20240322,22,3,March,2024,Friday,12,0,2025-11-18 11:50:37,Weekday,0,Q1,2024-Mar
2024-03-23,20240323,23,3,March,2024,Saturday,12,1,2025-11-18 11:50:37,Weekend,0,Q1,2024-Mar
2024-03-24,20240324,24,3,March,2024,Sunday,12,1,2025-11-18 11:50:37,Weekend,0,Q1,2024-Mar
2024-03-25,20240325,25,3,March,2024,Monday,13,0,2025-11-18 11:50:37,Weekday,0,Q1,2024-Mar
2024-03-26,20240326,26,3,March,2024,Tuesday,13,0,2025-11-18 11:50:37,Weekday,0,Q1,2024-Mar
2024-03-27,20240327,27,3,March,2024,Wednesday,13,0,2025-11-18 11:50:37,Weekday,0,Q1,2024-Mar
2024-03-28,20240328,28,3,March,2024,Thursday,13,0,2025-11-18 11:50:37,Weekday,0,Q1,2024-Mar
2024-03-29,20240329,29,3,March,2024,Friday,13,0,2025-11-18 11:50:37,Weekday,0,Q1,2024-Mar
2024-03-30,20240330,30,3,March,2024,Saturday,13,1,2025-11-18 11:50:37,Weekend,0,Q1,2024-Mar
2024-03-31,20240331,31,3,March,2024,Sunday,13,1,2025-11-18 11:50:37,Weekend,0,Q1,2024-Mar
2024-04-01,20240401,1,4,April,2024,Monday,14,0,2025-11-18 11:50:37,Weekday,0,Q2,2024-Apr
2024-04-02,20240402,2,4,April,2024,Tuesday,14,0,2025-11-18 11:50:37,Weekday,0,Q2,2024-Apr
2024-04-03,20240403,3,4,April,2024,Wednesday,14,0,2025-11-18 11:50:37,Weekday,0,Q2,2024-Apr
2024-04-04,20240404,4,4,April,2024,Thursday,14,0,2025-11-18 11:50:37,Weekday,0,Q2,2024-Apr
2024-04-05,20240405,5,4,April,2024,Friday,14,0,2025-11-18 11:50:37,Weekday,0,Q2,2024-Apr
2024-04-06,20240406,6,4,April,2024,Saturday,14,1,2025-11-18 11:50:37,Weekend,0,Q2,2024-Apr
2024-04-07,20240407,7,4,April,2024,Sunday,14,1,2025-11-18 11:50:37,Weekend,0,Q2,2024-Apr
2024-04-08,20240408,8,4,April,2024,Monday,15,0,2025-11-18 11:50:37,Weekday,0,Q2,2024-Apr
2024-04-09,20240409,9,4,April,2024,Tuesday,15,0,2025-11-18 11:50:37,Weekday,0,Q2,2024-Apr
2024-04-10,20240410,10,4,April,2024,Wednesday,15,0,2025-11-18 11:50:37,Weekday,0,Q2,2024-Apr
2024-04-11,20240411,11,4,April,2024,Thursday,15,0,2025-11-18 11:50:37,Weekday,0,Q2,2024-Apr
2024-04-12,20240412,12,4,April,2024,Friday,15,0,2025-11-18 11:50:37,Weekday,0,Q2,2024-Apr
2024-04-13,20240413,13,4,April,2024,Saturday,15,1,2025-11-18 11:50:37,Weekend,0,Q2,2024-Apr
2024-04-14,20240414,14,4,April,2024,Sunday,15,1,2025-11-18 11:50:37,Weekend,0,Q2,2024-Apr
2024-04-15,20240415,15,4,April,2024,Monday,16,0,2025-11-18 11:50:37,Weekday,0,Q2,2024-Apr
2024-04-16,20240416,16,4,April,2024,Tuesday,16,0,2025-11-18 11:50:37,Weekday,0,Q2,2024-Apr
2024-04-17,20240417,17,4,April,2024,Wednesday,16,0,2025-11-18 11:50:37,Weekday,0,Q2,2024-Apr
2024-04-18,20240418,18,4,April,2024,Thursday,16,0,2025-11-18 11:50:37,Weekday,0,Q2,2024-Apr
2024-04-19,20240419,19,4,April,2024,Friday,16,0,2025-11-18 11:50:37,Weekday,0,Q2,2024-Apr
2024-04-20,20240420,20,4,April,2024,Saturday,16,1,2025-11-18 11:50:37,Weekend,0,Q2,2024-Apr
2024-04-21,20240421,21,4,April,2024,Sunday,16,1,2025-11-18 11:50:37,Weekend,0,Q2,2024-Apr
2024-04-22,20240422,22,4,April,2024,Monday,17,0,2025-11-18 11:50:37,Weekday,0,Q2,2024-Apr
2024-04-23,20240423,23,4,April,2024,Tuesday,17,0,2025-11-18 11:50:37,Weekday,0,Q2,2024-Apr
2024-04-24,20240424,24,4,April,2024,Wednesday,17,0,2025-11-18 11:50:37,Weekday,0,Q2,2024-Apr
2024-04-25,20240425,25,4,April,2024,Thursday,17,0,2025-11-18 11:50:37,Weekday,0,Q2,2024-Apr
2024-04-26,20240426,26,4,April,2024,Friday,17,0,2025-11-18 11:50:37,Weekday,0,Q2,2024-Apr
2024-04-27,20240427,27,4,April,2024,Saturday,17,1,2025-11-18 11:50:37,Weekend,0,Q2,2024-Apr
2024-04-28,20240428,28,4,April,2024,Sunday,17,1,2025-11-18 11:50:37,Weekend,0,Q2,2024-Apr
2024-04-29,20240429,29,4,April,2024,Monday,18,0,2025-11-18 11:50:37,Weekday,0,Q2,2024-Apr
2024-04-30,20240430,30,4,April,2024,Tuesday,18,0,2025-11-18 11:50:37,Weekday,0,Q2,2024-Apr
2024-05-01,20240501,1,5,May,2024,Wednesday,18,0,2025-11-18 11:50:37,Weekday,0,Q2,2024-May
2024-05-02,20240502,2,5,May,2024,Thursday,18,0,2025-11-18 11:50:37,Weekday,0,Q2,2024-May
2024-05-03,20240503,3,5,May,2024,Friday,18,0,2025-11-18 11:50:37,Weekday,0,Q2,2024-May
2024-05-04,20240504,4,5,May,2024,Saturday,18,1,2025-11-18 11:50:37,Weekend,0,Q2,2024-May
2024-05-05,20240505,5,5,May,2024,Sunday,18,1,2025-11-18 11:50:37,Weekend,0,Q2,2024-May
2024-05-06,20240506,6,5,May,2024,Monday,19,0,2025-11-18 11:50:37,Weekday,0,Q2,2024-May
2024-05-07,20240507,7,5,May,2024,Tuesday,19,0,2025-11-18 11:50:37,Weekday,0,Q2,2024-May
2024-05-08,20240508,8,5,May,2024,Wednesday,19,0,2025-11-18 11:50:37,Weekday,0,Q2,2024-May
2024-05-09,20240509,9,5,May,2024,Thursday,19,0,2025-11-18 11:50:37,Weekday,0,Q2,2024-May
2024-05-10,20240510,10,5,May,2024,Friday,19,0,2025-11-18 11:50:37,Weekday,0,Q2,2024-May
2024-05-11,20240511,11,5,May,2024,Saturday,19,1,2025-11-18 11:50:37,Weekend,0,Q2,2024-May
2024-05-12,20240512,12,5,May,2024,Sunday,19,1,2025-11-18 11:50:37,Weekend,0,Q2,2024-May
2024-05-13,20240513,13,5,May,2024,Monday,20,0,2025-11-18 11:50:37,Weekday,0,Q2,2024-May
2024-05-14,20240514,14,5,May,2024,Tuesday,20,0,2025-11-18 11:50:37,Weekday,0,Q2,2024-May
2024-05-15,20240515,15,5,May,2024,Wednesday,20,0,2025-11-18 11:50:37,Weekday,0,Q2,2024-May
2024-05-16,20240516,16,5,May,2024,Thursday,20,0,2025-11-18 11:50:37,Weekday,0,Q2,2024-May
2024-05-17,20240517,17,5,May,2024,Friday,20,0,2025-11-18 11:50:37,Weekday,0,Q2,2024-May
2024-05-18,20240518,18,5,May,2024,Saturday,20,1,2025-11-18 11:50:37,Weekend,0,Q2,2024-May
2024-05-19,20240519,19,5,May,2024,Sunday,20,1,2025-11-18 11:50:37,Weekend,0,Q2,2024-May
2024-05-20,20240520,20,5,May,2024,Monday,21,0,2025-11-18 11:50:37,Weekday,0,Q2,2024-May
2024-05-21,20240521,21,5,May,2024,Tuesday,21,0,2025-11-18 11:50:37,Weekday,0,Q2,2024-May
2024-05-22,20240522,22,5,May,2024,Wednesday,21,0,2025-11-18 11:50:37,Weekday,0,Q2,2024-May
2024-05-23,20240523,23,5,May,2024,Thursday,21,0,2025-11-18 11:50:37,Weekday,0,Q2,2024-May
2024-05-24,20240524,24,5,May,2024,Friday,21,0,2025-11-18 11:50:37,Weekday,0,Q2,2024-May
2024-05-25,20240525,25,5,May,2024,Saturday,21,1,2025-11-18 11:50:37,Weekend,0,Q2,2024-May
2024-05-26,20240526,26,5,May,2024,Sunday,21,1,2025-11-18 11:50:37,Weekend,0,Q2,2024-May
2024-05-27,20240527,27,5,May,2024,Monday,22,0,2025-11-18 11:50:37,Weekday,0,Q2,2024-May
2024-05-28,20240528,28,5,May,2024,Tuesday,22,0,2025-11-18 11:50:37,Weekday,0,Q2,2024-May
2024-05-29,20240529,29,5,May,2024,Wednesday,22,0,2025-11-18 11:50:37,Weekday,0,Q2,2024-May
2024-05-30,20240530,30,5,May,2024,Thursday,22,0,2025-11-18 11:50:37,Weekday,0,Q2,2024-May
2024-05-31,20240531,31,5,May,2024,Friday,22,0,2025-11-18 11:50:37,Weekday,0,Q2,2024-May
2024-06-01,20240601,1,6,June,2024,Saturday,22,1,2025-11-18 11:50:37,Weekend,0,Q2,2024-Jun
2024-06-02,20240602,2,6,June,2024,Sunday,22,1,2025-11-18 11:50:37,Weekend,0,Q2,2024-Jun
2024-06-03,20240603,3,6,June,2024,Monday,23,0,2025-11-18 11:50:37,Weekday,0,Q2,2024-Jun
2024-06-04,20240604,4,6,June,2024,Tuesday,23,0,2025-11-18 11:50:37,Weekday,0,Q2,2024-Jun
2024-06-05,20240605,5,6,June,2024,Wednesday,23,0,2025-11-18 11:50:37,Weekday,0,Q2,2024-Jun
2024-06-06,20240606,6,6,June,2024,Thursday,23,0,2025-11-18 11:50:37,Weekday,0,Q2,2024-Jun
2024-06-07,20240607,7,6,June,2024,Friday,23,0,2025-11-18 11:50:37,Weekday,0,Q2,2024-Jun
2024-06-08,20240608,8,6,June,2024,Saturday,23,1,2025-11-18 11:50:37,Weekend,0,Q2,2024-Jun
2024-06-09,20240609,9,6,June,2024,Sunday,23,1,2025-11-18 11:50:37,Weekend,0,Q2,2024-Jun
2024-06-10,20240610,10,6,June,2024,Monday,24,0,2025-11-18 11:50:37,Weekday,0,Q2,2024-Jun
2024-06-11,20240611,11,6,June,2024,Tuesday,24,0,2025-11-18 11:50:37,Weekday,0,Q2,2024-Jun
2024-06-12,20240612,12,6,June,2024,Wednesday,24,0,2025-11-18 11:50:37,Weekday,0,Q2,2024-Jun
2024-06-13,20240613,13,6,June,2024,Thursday,24,0,2025-11-18 11:50:37,Weekday,0,Q2,2024-Jun
2024-06-14,20240614,14,6,June,2024,Friday,24,0,2025-11-18 11:50:37,Weekday,0,Q2,2024-Jun
2024-06-15,20240615,15,6,June,2024,Saturday,24,1,2025-11-18 11:50:37,Weekend,0,Q2,2024-Jun
2024-06-16,20240616,16,6,June,2024,Sunday,24,1,2025-11-18 11:50:37,Weekend,0,Q2,2024-Jun
2024-06-17,20240617,17,6,June,2024,Monday,25,0,2025-11-18 11:50:37,Weekday,0,Q2,2024-Jun
2024-06-18,20240618,18,6,June,2024,Tuesday,25,0,2025-11-18 11:50:37,Weekday,0,Q2,2024-Jun
2024-06-19,20240619,19,6,June,2024,Wednesday,25,0,2025-11-18 11:50:37,Weekday,0,Q2,2024-Jun
2024-06-20,20240620,20,6,June,2024,Thursday,25,0,2025-11-18 11:50:37,Weekday,0,Q2,2024-Jun
2024-06-21,20240621,21,6,June,2024,Friday,25,0,2025-11-18 11:50:37,Weekday,0,Q2,2024-Jun
2024-06-22,20240622,22,6,June,2024,Saturday,25,1,2025-11-18 11:50:37,Weekend,0,Q2,2024-Jun
2024-06-23,20240623,23,6,June,2024,Sunday,25,1,2025-11-18 11:50:37,Weekend,0,Q2,2024-Jun
2024-06-24,20240624,24,6,June,2024,Monday,26,0,2025-11-18 11:50:37,Weekday,0,Q2,2024-Jun
2024-06-25,20240625,25,6,June,2024,Tuesday,26,0,2025-11-18 11:50:37,Weekday,0,Q2,2024-Jun
2024-06-26,20240626,26,6,June,2024,Wednesday,26,0,2025-11-18 11:50:37,Weekday,0,Q2,2024-Jun
2024-06-27,20240627,27,6,June,2024,Thursday,26,0,2025-11-18 11:50:37,Weekday,0,Q2,2024-Jun
2024-06-28,20240628,28,6,June,2024,Friday,26,0,2025-11-18 11:50:37,Weekday,0,Q2,2024-Jun
2024-06-29,20240629,29,6,June,2024,Saturday,26,1,2025-11-18 11:50:37,Weekend,0,Q2,2024-Jun
2024-06-30,20240630,30,6,June,2024,Sunday,26,1,2025-11-18 11:50:37,Weekend,0,Q2,2024-Jun
2024-07-01,20240701,1,7,July,2024,Monday,27,0,2025-11-18 11:50:37,Weekday,0,Q3,2024-Jul
2024-07-02,20240702,2,7,July,2024,Tuesday,27,0,2025-11-18 11:50:37,Weekday,0,Q3,2024-Jul
2024-07-03,20240703,3,7,July,2024,Wednesday,27,0,2025-11-18 11:50:37,Weekday,0,Q3,2024-Jul
2024-07-04,20240704,4,7,July,2024,Thursday,27,0,2025-11-18 11:50:37,Weekday,0,Q3,2024-Jul
2024-07-05,20240705,5,7,July,2024,Friday,27,0,2025-11-18 11:50:37,Weekday,0,Q3,2024-Jul
2024-07-06,20240706,6,7,July,2024,Saturday,27,1,2025-11-18 11:50:37,Weekend,0,Q3,2024-Jul
2024-07-07,20240707,7,7,July,2024,Sunday,27,1,2025-11-18 11:50:37,Weekend,0,Q3,2024-Jul
2024-07-08,20240708,8,7,July,2024,Monday,28,0,2025-11-18 11:50:37,Weekday,0,Q3,2024-Jul
2024-07-09,20240709,9,7,July,2024,Tuesday,28,0,2025-11-18 11:50:37,Weekday,0,Q3,2024-Jul
2024-07-10,20240710,10,7,July,2024,Wednesday,28,0,2025-11-18 11:50:37,Weekday,0,Q3,2024-Jul
2024-07-11,20240711,11,7,July,2024,Thursday,28,0,2025-11-18 11:50:37,Weekday,0,Q3,2024-Jul
2024-07-12,20240712,12,7,July,2024,Friday,28,0,2025-11-18 11:50:37,Weekday,0,Q3,2024-Jul
2024-07-13,20240713,13,7,July,2024,Saturday,28,1,2025-11-18 11:50:37,Weekend,0,Q3,2024-Jul
2024-07-14,20240714,14,7,July,2024,Sunday,28,1,2025-11-18 11:50:37,Weekend,0,Q3,2024-Jul
2024-07-15,20240715,15,7,July,2024,Monday,29,0,2025-11-18 11:50:37,Weekday,0,Q3,2024-Jul
2024-07-16,20240716,16,7,July,2024,Tuesday,29,0,2025-11-18 11:50:37,Weekday,0,Q3,2024-Jul
2024-07-17,20240717,17,7,July,2024,Wednesday,29,0,2025-11-18 11:50:37,Weekday,0,Q3,2024-Jul
2024-07-18,20240718,18,7,July,2024,Thursday,29,0,2025-11-18 11:50:37,Weekday,0,Q3,2024-Jul
2024-07-19,20240719,19,7,July,2024,Friday,29,0,2025-11-18 11:50:37,Weekday,0,Q3,2024-Jul
2024-07-20,20240720,20,7,July,2024,Saturday,29,1,2025-11-18 11:50:37,Weekend,0,Q3,2024-Jul
2024-07-21,20240721,21,7,July,2024,Sunday,29,1,2025-11-18 11:50:37,Weekend,0,Q3,2024-Jul
2024-07-22,20240722,22,7,July,2024,Monday,30,0,2025-11-18 11:50:37,Weekday,0,Q3,2024-Jul
2024-07-23,20240723,23,7,July,2024,Tuesday,30,0,2025-11-18 11:50:37,Weekday,0,Q3,2024-Jul
2024-07-24,20240724,24,7,July,2024,Wednesday,30,0,2025-11-18 11:50:37,Weekday,0,Q3,2024-Jul
2024-07-25,20240725,25,7,July,2024,Thursday,30,0,2025-11-18 11:50:37,Weekday,0,Q3,2024-Jul
2024-07-26,20240726,26,7,July,2024,Friday,30,0,2025-11-18 11:50:37,Weekday,0,Q3,2024-Jul
2024-07-27,20240727,27,7,July,2024,Saturday,30,1,2025-11-18 11:50:37,Weekend,0,Q3,2024-Jul
2024-07-28,20240728,28,7,July,2024,Sunday,30,1,2025-11-18 11:50:37,Weekend,0,Q3,2024-Jul
2024-07-29,20240729,29,7,July,2024,Monday,31,0,2025-11-18 11:50:37,Weekday,0,Q3,2024-Jul
2024-07-30,20240730,30,7,July,2024,Tuesday,31,0,2025-11-18 11:50:37,Weekday,0,Q3,2024-Jul
2024-07-31,20240731,31,7,July,2024,Wednesday,31,0,2025-11-18 11:50:37,Weekday,0,Q3,2024-Jul
2024-08-01,20240801,1,8,August,2024,Thursday,31,0,2025-11-18 11:50:37,Weekday,0,Q3,2024-Aug
2024-08-02,20240802,2,8,August,2024,Friday,31,0,2025-11-18 11:50:37,Weekday,0,Q3,2024-Aug
2024-08-03,20240803,3,8,August,2024,Saturday,31,1,2025-11-18 11:50:37,Weekend,0,Q3,2024-Aug
2024-08-04,20240804,4,8,August,2024,Sunday,31,1,2025-11-18 11:50:37,Weekend,0,Q3,2024-Aug
2024-08-05,20240805,5,8,August,2024,Monday,32,0,2025-11-18 11:50:37,Weekday,0,Q3,2024-Aug
2024-08-06,20240806,6,8,August,2024,Tuesday,32,0,2025-11-18 11:50:37,Weekday,0,Q3,2024-Aug
2024-08-07,20240807,7,8,August,2024,Wednesday,32,0,2025-11-18 11:50:37,Weekday,0,Q3,2024-Aug
2024-08-08,20240808,8,8,August,2024,Thursday,32,0,2025-11-18 11:50:37,Weekday,0,Q3,2024-Aug
2024-08-09,20240809,9,8,August,2024,Friday,32,0,2025-11-18 11:50:37,Weekday,0,Q3,2024-Aug
2024-08-10,20240810,10,8,August,2024,Saturday,32,1,2025-11-18 11:50:37,Weekend,0,Q3,2024-Aug
2024-08-11,20240811,11,8,August,2024,Sunday,32,1,2025-11-18 11:50:37,Weekend,0,Q3,2024-Aug
2024-08-12,20240812,12,8,August,2024,Monday,33,0,2025-11-18 11:50:37,Weekday,0,Q3,2024-Aug
2024-08-13,20240813,13,8,August,2024,Tuesday,33,0,2025-11-18 11:50:37,Weekday,0,Q3,2024-Aug
2024-08-14,20240814,14,8,August,2024,Wednesday,33,0,2025-11-18 11:50:37,Weekday,0,Q3,2024-Aug
2024-08-15,20240815,15,8,August,2024,Thursday,33,0,2025-11-18 11:50:37,Weekday,0,Q3,2024-Aug
2024-08-16,20240816,16,8,August,2024,Friday,33,0,2025-11-18 11:50:37,Weekday,0,Q3,2024-Aug
2024-08-17,20240817,17,8,August,2024,Saturday,33,1,2025-11-18 11:50:37,Weekend,0,Q3,2024-Aug
2024-08-18,20240818,18,8,August,2024,Sunday,33,1,2025-11-18 11:50:37,Weekend,0,Q3,2024-Aug
2024-08-19,20240819,19,8,August,2024,Monday,34,0,2025-11-18 11:50:37,Weekday,0,Q3,2024-Aug
2024-08-20,20240820,20,8,August,2024,Tuesday,34,0,2025-11-18 11:50:37,Weekday,0,Q3,2024-Aug
2024-08-21,20240821,21,8,August,2024,Wednesday,34,0,2025-11-18 11:50:37,Weekday,0,Q3,2024-Aug
2024-08-22,20240822,22,8,August,2024,Thursday,34,0,2025-11-18 11:50:37,Weekday,0,Q3,2024-Aug
2024-08-23,20240823,23,8,August,2024,Friday,34,0,2025-11-18 11:50:37,Weekday,0,Q3,2024-Aug
2024-08-24,20240824,24,8,August,2024,Saturday,34,1,2025-11-18 11:50:37,Weekend,0,Q3,2024-Aug
2024-08-25,20240825,25,8,August,2024,Sunday,34,1,2025-11-18 11:50:37,Weekend,0,Q3,2024-Aug
2024-08-26,20240826,26,8,August,2024,Monday,35,0,2025-11-18 11:50:37,Weekday,0,Q3,2024-Aug
2024-08-27,20240827,27,8,August,2024,Tuesday,35,0,2025-11-18 11:50:37,Weekday,0,Q3,2024-Aug
2024-08-28,20240828,28,8,August,2024,Wednesday,35,0,2025-11-18 11:50:37,Weekday,0,Q3,2024-Aug
2024-08-29,20240829,29,8,August,2024,Thursday,35,0,2025-11-18 11:50:37,Weekday,0,Q3,2024-Aug
2024-08-30,20240830,30,8,August,2024,Friday,35,0,2025-11-18 11:50:37,Weekday,0,Q3,2024-Aug
2024-08-31,20240831,31,8,August,2024,Saturday,35,1,2025-11-18 11:50:37,Weekend,0,Q3,2024-Aug
2024-09-01,20240901,1,9,September,2024,Sunday,35,1,2025-11-18 11:50:37,Weekend,0,Q3,2024-Sep
2024-09-02,20240902,2,9,September,2024,Monday,36,0,2025-11-18 11:50:37,Weekday,0,Q3,2024-Sep
2024-09-03,20240903,3,9,September,2024,Tuesday,36,0,2025-11-18 11:50:37,Weekday,0,Q3,2024-Sep
2024-09-04,20240904,4,9,September,2024,Wednesday,36,0,2025-11-18 11:50:37,Weekday,0,Q3,2024-Sep
2024-09-05,20240905,5,9,September,2024,Thursday,36,0,2025-11-18 11:50:37,Weekday,0,Q3,2024-Sep
2024-09-06,20240906,6,9,September,2024,Friday,36,0,2025-11-18 11:50:37,Weekday,0,Q3,2024-Sep
2024-09-07,20240907,7,9,September,2024,Saturday,36,1,2025-11-18 11:50:37,Weekend,0,Q3,2024-Sep
2024-09-08,20240908,8,9,September,2024,Sunday,36,1,2025-11-18 11:50:37,Weekend,0,Q3,2024-Sep
2024-09-09,20240909,9,9,September,2024,Monday,37,0,2025-11-18 11:50:37,Weekday,0,Q3,2024-Sep
2024-09-10,20240910,10,9,September,2024,Tuesday,37,0,2025-11-18 11:50:37,Weekday,0,Q3,2024-Sep
2024-09-11,20240911,11,9,September,2024,Wednesday,37,0,2025-11-18 11:50:37,Weekday,0,Q3,2024-Sep
2024-09-12,20240912,12,9,September,2024,Thursday,37,0,2025-11-18 11:50:37,Weekday,0,Q3,2024-Sep
2024-09-13,20240913,13,9,September,2024,Friday,37,0,2025-11-18 11:50:37,Weekday,0,Q3,2024-Sep
2024-09-14,20240914,14,9,September,2024,Saturday,37,1,2025-11-18 11:50:37,Weekend,0,Q3,2024-Sep
2024-09-15,20240915,15,9,September,2024,Sunday,37,1,2025-11-18 11:50:37,Weekend,0,Q3,2024-Sep
2024-09-16,20240916,16,9,September,2024,Monday,38,0,2025-11-18 11:50:37,Weekday,0,Q3,2024-Sep
2024-09-17,20240917,17,9,September,2024,Tuesday,38,0,2025-11-18 11:50:37,Weekday,0,Q3,2024-Sep
2024-09-18,20240918,18,9,September,2024,Wednesday,38,0,2025-11-18 11:50:37,Weekday,0,Q3,2024-Sep
2024-09-19,20240919,19,9,September,2024,Thursday,38,0,2025-11-18 11:50:37,Weekday,0,Q3,2024-Sep
2024-09-20,20240920,20,9,September,2024,Friday,38,0,2025-11-18 11:50:37,Weekday,0,Q3,2024-Sep
2024-09-21,20240921,21,9,September,2024,Saturday,38,1,2025-11-18 11:50:37,Weekend,0,Q3,2024-Sep
2024-09-22,20240922,22,9,September,2024,Sunday,38,1,2025-11-18 11:50:37,Weekend,0,Q3,2024-Sep
2024-09-23,20240923,23,9,September,2024,Monday,39,0,2025-11-18 11:50:37,Weekday,0,Q3,2024-Sep
2024-09-24,20240924,24,9,September,2024,Tuesday,39,0,2025-11-18 11:50:37,Weekday,0,Q3,2024-Sep
2024-09-25,20240925,25,9,September,2024,Wednesday,39,0,2025-11-18 11:50:37,Weekday,0,Q3,2024-Sep
2024-09-26,20240926,26,9,September,2024,Thursday,39,0,2025-11-18 11:50:37,Weekday,0,Q3,2024-Sep
2024-09-27,20240927,27,9,September,2024,Friday,39,0,2025-11-18 11:50:37,Weekday,0,Q3,2024-Sep
2024-09-28,20240928,28,9,September,2024,Saturday,39,1,2025-11-18 11:50:37,Weekend,0,Q3,2024-Sep
2024-09-29,20240929,29,9,September,2024,Sunday,39,1,2025-11-18 11:50:37,Weekend,0,Q3,2024-Sep
2024-09-30,20240930,30,9,September,2024,Monday,40,0,2025-11-18 11:50:37,Weekday,0,Q3,2024-Sep
2024-10-01,20241001,1,10,October,2024,Tuesday,40,0,2025-11-18 11:50:37,Weekday,0,Q4,2024-Oct
2024-10-02,20241002,2,10,October,2024,Wednesday,40,0,2025-11-18 11:50:37,Weekday,0,Q4,2024-Oct
2024-10-03,20241003,3,10,October,2024,Thursday,40,0,2025-11-18 11:50:37,Weekday,0,Q4,2024-Oct
2024-10-04,20241004,4,10,October,2024,Friday,40,0,2025-11-18 11:50:37,Weekday,0,Q4,2024-Oct
2024-10-05,20241005,5,10,October,2024,Saturday,40,1,2025-11-18 11:50:37,Weekend,0,Q4,2024-Oct
2024-10-06,20241006,6,10,October,2024,Sunday,40,1,2025-11-18 11:50:37,Weekend,0,Q4,2024-Oct
2024-10-07,20241007,7,10,October,2024,Monday,41,0,2025-11-18 11:50:37,Weekday,0,Q4,2024-Oct
2024-10-08,20241008,8,10,October,2024,Tuesday,41,0,2025-11-18 11:50:37,Weekday,0,Q4,2024-Oct
2024-10-09,20241009,9,10,October,2024,Wednesday,41,0,2025-11-18 11:50:37,Weekday,0,Q4,2024-Oct
2024-10-10,20241010,10,10,October,2024,Thursday,41,0,2025-11-18 11:50:37,Weekday,0,Q4,2024-Oct
2024-10-11,20241011,11,10,October,2024,Friday,41,0,2025-11-18 11:50:37,Weekday,0,Q4,2024-Oct
2024-10-12,20241012,12,10,October,2024,Saturday,41,1,2025-11-18 11:50:37,Weekend,0,Q4,2024-Oct
2024-10-13,20241013,13,10,October,2024,Sunday,41,1,2025-11-18 11:50:37,Weekend,0,Q4,2024-Oct
2024-10-14,20241014,14,10,October,2024,Monday,42,0,2025-11-18 11:50:37,Weekday,0,Q4,2024-Oct
2024-10-15,20241015,15,10,October,2024,Tuesday,42,0,2025-11-18 11:50:37,Weekday,0,Q4,2024-Oct
2024-10-16,20241016,16,10,October,2024,Wednesday,42,0,2025-11-18 11:50:37,Weekday,0,Q4,2024-Oct
2024-10-17,20241017,17,10,October,2024,Thursday,42,0,2025-11-18 11:50:37,Weekday,0,Q4,2024-Oct
2024-10-18,20241018,18,10,October,2024,Friday,42,0,2025-11-18 11:50:37,Weekday,0,Q4,2024-Oct
2024-10-19,20241019,19,10,October,2024,Saturday,42,1,2025-11-18 11:50:37,Weekend,0,Q4,2024-Oct
2024-10-20,20241020,20,10,October,2024,Sunday,42,1,2025-11-18 11:50:37,Weekend,0,Q4,2024-Oct
2024-10-21,20241021,21,10,October,2024,Monday,43,0,2025-11-18 11:50:37,Weekday,0,Q4,2024-Oct
2024-10-22,20241022,22,10,October,2024,Tuesday,43,0,2025-11-18 11:50:37,Weekday,0,Q4,2024-Oct
2024-10-23,20241023,23,10,October,2024,Wednesday,43,0,2025-11-18 11:50:37,Weekday,0,Q4,2024-Oct
2024-10-24,20241024,24,10,October,2024,Thursday,43,0,2025-11-18 11:50:37,Weekday,0,Q4,2024-Oct
2024-10-25,20241025,25,10,October,2024,Friday,43,0,2025-11-18 11:50:37,Weekday,0,Q4,2024-Oct
2024-10-26,20241026,26,10,October,2024,Saturday,43,1,2025-11-18 11:50:37,Weekend,0,Q4,2024-Oct
2024-10-27,20241027,27,10,October,2024,Sunday,43,1,2025-11-18 11:50:37,Weekend,0,Q4,2024-Oct
2024-10-28,20241028,28,10,October,2024,Monday,44,0,2025-11-18 11:50:37,Weekday,0,Q4,2024-Oct
2024-10-29,20241029,29,10,October,2024,Tuesday,44,0,2025-11-18 11:50:37,Weekday,0,Q4,2024-Oct
2024-10-30,20241030,30,10,October,2024,Wednesday,44,0,2025-11-18 11:50:37,Weekday,0,Q4,2024-Oct
2024-10-31,20241031,31,10,October,2024,Thursday,44,0,2025-11-18 11:50:37,Weekday,0,Q4,2024-Oct
2024-11-01,20241101,1,11,November,2024,Friday,44,0,2025-11-18 11:50:37,Weekday,0,Q4,2024-Nov
2024-11-02,20241102,2,11,November,2024,Saturday,44,1,2025-11-18 11:50:37,Weekend,0,Q4,2024-Nov
2024-11-03,20241103,3,11,November,2024,Sunday,44,1,2025-11-18 11:50:37,Weekend,0,Q4,2024-Nov
2024-11-04,20241104,4,11,November,2024,Monday,45,0,2025-11-18 11:50:37,Weekday,0,Q4,2024-Nov
2024-11-05,20241105,5,11,November,2024,Tuesday,45,0,2025-11-18 11:50:37,Weekday,0,Q4,2024-Nov
2024-11-06,20241106,6,11,November,2024,Wednesday,45,0,2025-11-18 11:50:37,Weekday,0,Q4,2024-Nov
2024-11-07,20241107,7,11,November,2024,Thursday,45,0,2025-11-18 11:50:37,Weekday,0,Q4,2024-Nov
2024-11-08,20241108,8,11,November,2024,Friday,45,0,2025-11-18 11:50:37,Weekday,0,Q4,2024-Nov
2024-11-09,20241109,9,11,November,2024,Saturday,45,1,2025-11-18 11:50:37,Weekend,0,Q4,2024-Nov
2024-11-10,20241110,10,11,November,2024,Sunday,45,1,2025-11-18 11:50:37,Weekend,0,Q4,2024-Nov
2024-11-11,20241111,11,11,November,2024,Monday,46,0,2025-11-18 11:50:37,Weekday,0,Q4,2024-Nov
2024-11-12,20241112,12,11,November,2024,Tuesday,46,0,2025-11-18 11:50:37,Weekday,0,Q4,2024-Nov
2024-11-13,20241113,13,11,November,2024,Wednesday,46,0,2025-11-18 11:50:37,Weekday,0,Q4,2024-Nov
2024-11-14,20241114,14,11,November,2024,Thursday,46,0,2025-11-18 11:50:37,Weekday,0,Q4,2024-Nov
2024-11-15,20241115,15,11,November,2024,Friday,46,0,2025-11-18 11:50:37,Weekday,0,Q4,2024-Nov
2024-11-16,20241116,16,11,November,2024,Saturday,46,1,2025-11-18 11:50:37,Weekend,0,Q4,2024-Nov
2024-11-17,20241117,17,11,November,2024,Sunday,46,1,2025-11-18 11:50:37,Weekend,0,Q4,2024-Nov
2024-11-18,20241118,18,11,November,2024,Monday,47,0,2025-11-18 11:50:37,Weekday,0,Q4,2024-Nov
2024-11-19,20241119,19,11,November,2024,Tuesday,47,0,2025-11-18 11:50:37,Weekday,0,Q4,2024-Nov
2024-11-20,20241120,20,11,November,2024,Wednesday,47,0,2025-11-18 11:50:37,Weekday,0,Q4,2024-Nov
2024-11-21,20241121,21,11,November,2024,Thursday,47,0,2025-11-18 11:50:37,Weekday,0,Q4,2024-Nov
2024-11-22,20241122,22,11,November,2024,Friday,47,0,2025-11-18 11:50:37,Weekday,0,Q4,2024-Nov
2024-11-23,20241123,23,11,November,2024,Saturday,47,1,2025-11-18 11:50:37,Weekend,0,Q4,2024-Nov
2024-11-24,20241124,24,11,November,2024,Sunday,47,1,2025-11-18 11:50:37,Weekend,0,Q4,2024-Nov
2024-11-25,20241125,25,11,November,2024,Monday,48,0,2025-11-18 11:50:37,Weekday,0,Q4,2024-Nov
2024-11-26,20241126,26,11,November,2024,Tuesday,48,0,2025-11-18 11:50:37,Weekday,0,Q4,2024-Nov
2024-11-27,20241127,27,11,November,2024,Wednesday,48,0,2025-11-18 11:50:37,Weekday,0,Q4,2024-Nov
2024-11-28,20241128,28,11,November,2024,Thursday,48,0,2025-11-18 11:50:37,Weekday,0,Q4,2024-Nov
2024-11-29,20241129,29,11,November,2024,Friday,48,0,2025-11-18 11:50:37,Weekday,0,Q4,2024-Nov
2024-11-30,20241130,30,11,November,2024,Saturday,48,1,2025-11-18 11:50:37,Weekend,0,Q4,2024-Nov
2024-12-01,20241201,1,12,December,2024,Sunday,48,1,2025-11-18 11:50:37,Weekend,0,Q4,2024-Dec
2024-12-02,20241202,2,12,December,2024,Monday,49,0,2025-11-18 11:50:37,Weekday,0,Q4,2024-Dec
2024-12-03,20241203,3,12,December,2024,Tuesday,49,0,2025-11-18 11:50:37,Weekday,0,Q4,2024-Dec
2024-12-04,20241204,4,12,December,2024,Wednesday,49,0,2025-11-18 11:50:37,Weekday,0,Q4,2024-Dec
2024-12-05,20241205,5,12,December,2024,Thursday,49,0,2025-11-18 11:50:37,Weekday,0,Q4,2024-Dec
2024-12-06,20241206,6,12,December,2024,Friday,49,0,2025-11-18 11:50:37,Weekday,0,Q4,2024-Dec
2024-12-07,20241207,7,12,December,2024,Saturday,49,1,2025-11-18 11:50:37,Weekend,0,Q4,2024-Dec
2024-12-08,20241208,8,12,December,2024,Sunday,49,1,2025-11-18 11:50:37,Weekend,0,Q4,2024-Dec
2024-12-09,20241209,9,12,December,2024,Monday,50,0,2025-11-18 11:50:37,Weekday,0,Q4,2024-Dec
2024-12-10,20241210,10,12,December,2024,Tuesday,50,0,2025-11-18 11:50:37,Weekday,0,Q4,2024-Dec
2024-12-11,20241211,11,12,December,2024,Wednesday,50,0,2025-11-18 11:50:37,Weekday,0,Q4,2024-Dec
2024-12-12,20241212,12,12,December,2024,Thursday,50,0,2025-11-18 11:50:37,Weekday,0,Q4,2024-Dec
2024-12-13,20241213,13,12,December,2024,Friday,50,0,2025-11-18 11:50:37,Weekday,0,Q4,2024-Dec
2024-12-14,20241214,14,12,December,2024,Saturday,50,1,2025-11-18 11:50:37,Weekend,0,Q4,2024-Dec
2024-12-15,20241215,15,12,December,2024,Sunday,50,1,2025-11-18 11:50:37,Weekend,0,Q4,2024-Dec
2024-12-16,20241216,16,12,December,2024,Monday,51,0,2025-11-18 11:50:37,Weekday,0,Q4,2024-Dec
2024-12-17,20241217,17,12,December,2024,Tuesday,51,0,2025-11-18 11:50:37,Weekday,0,Q4,2024-Dec
2024-12-18,20241218,18,12,December,2024,Wednesday,51,0,2025-11-18 11:50:37,Weekday,0,Q4,2024-Dec
2024-12-19,20241219,19,12,December,2024,Thursday,51,0,2025-11-18 11:50:37,Weekday,0,Q4,2024-Dec
2024-12-20,20241220,20,12,December,2024,Friday,51,0,2025-11-18 11:50:37,Weekday,0,Q4,2024-Dec
2024-12-21,20241221,21,12,December,2024,Saturday,51,1,2025-11-18 11:50:37,Weekend,0,Q4,2024-Dec
2024-12-22,20241222,22,12,December,2024,Sunday,51,1,2025-11-18 11:50:37,Weekend,0,Q4,2024-Dec
2024-12-23,20241223,23,12,December,2024,Monday,52,0,2025-11-18 11:50:37,Weekday,0,Q4,2024-Dec
2024-12-24,20241224,24,12,December,2024,Tuesday,52,0,2025-11-18 11:50:37,Weekday,0,Q4,2024-Dec
2024-12-25,20241225,25,12,December,2024,Wednesday,52,0,2025-11-18 11:50:37,Weekday,0,Q4,2024-Dec
2024-12-26,20241226,26,12,December,2024,Thursday,52,0,2025-11-18 11:50:37,Weekday,0,Q4,2024-Dec
2024-12-27,20241227,27,12,December,2024,Friday,52,0,2025-11-18 11:50:37,Weekday,0,Q4,2024-Dec
2024-12-28,20241228,28,12,December,2024,Saturday,52,1,2025-11-18 11:50:37,Weekend,0,Q4,2024-Dec
2024-12-29,20241229,29,12,December,2024,Sunday,52,1,2025-11-18 11:50:37,Weekend,0,Q4,2024-Dec
2024-12-30,20241230,30,12,December,2024,Monday,1,0,2025-11-18 11:50:37,Weekday,0,Q4,2024-Dec
2024-12-31,20241231,31,12,December,2024,Tuesday,1,0,2025-11-18 11:50:37,Weekday,0,Q4,2024-Dec
2025-01-01,20250101,1,1,January,2025,Wednesday,1,0,2025-11-18 11:50:37,Weekday,0,Q1,2025-Jan
2025-01-02,20250102,2,1,January,2025,Thursday,1,0,2025-11-18 11:50:37,Weekday,0,Q1,2025-Jan
2025-01-03,20250103,3,1,January,2025,Friday,1,0,2025-11-18 11:50:37,Weekday,0,Q1,2025-Jan
2025-01-04,20250104,4,1,January,2025,Saturday,1,1,2025-11-18 11:50:37,Weekend,0,Q1,2025-Jan
2025-01-05,20250105,5,1,January,2025,Sunday,1,1,2025-11-18 11:50:37,Weekend,0,Q1,2025-Jan
2025-01-06,20250106,6,1,January,2025,Monday,2,0,2025-11-18 11:50:37,Weekday,0,Q1,2025-Jan
2025-01-07,20250107,7,1,January,2025,Tuesday,2,0,2025-11-18 11:50:37,Weekday,0,Q1,2025-Jan
2025-01-08,20250108,8,1,January,2025,Wednesday,2,0,2025-11-18 11:50:37,Weekday,0,Q1,2025-Jan
2025-01-09,20250109,9,1,January,2025,Thursday,2,0,2025-11-18 11:50:37,Weekday,0,Q1,2025-Jan
2025-01-10,20250110,10,1,January,2025,Friday,2,0,2025-11-18 11:50:37,Weekday,0,Q1,2025-Jan
2025-01-11,20250111,11,1,January,2025,Saturday,2,1,2025-11-18 11:50:37,Weekend,0,Q1,2025-Jan
2025-01-12,20250112,12,1,January,2025,Sunday,2,1,2025-11-18 11:50:37,Weekend,0,Q1,2025-Jan
2025-01-13,20250113,13,1,January,2025,Monday,3,0,2025-11-18 11:50:37,Weekday,0,Q1,2025-Jan
2025-01-14,20250114,14,1,January,2025,Tuesday,3,0,2025-11-18 11:50:37,Weekday,0,Q1,2025-Jan
2025-01-15,20250115,15,1,January,2025,Wednesday,3,0,2025-11-18 11:50:37,Weekday,0,Q1,2025-Jan
2025-01-16,20250116,16,1,January,2025,Thursday,3,0,2025-11-18 11:50:37,Weekday,0,Q1,2025-Jan
2025-01-17,20250117,17,1,January,2025,Friday,3,0,2025-11-18 11:50:37,Weekday,0,Q1,2025-Jan
2025-01-18,20250118,18,1,January,2025,Saturday,3,1,2025-11-18 11:50:37,Weekend,0,Q1,2025-Jan
2025-01-19,20250119,19,1,January,2025,Sunday,3,1,2025-11-18 11:50:37,Weekend,0,Q1,2025-Jan
2025-01-20,20250120,20,1,January,2025,Monday,4,0,2025-11-18 11:50:37,Weekday,0,Q1,2025-Jan
2025-01-21,20250121,21,1,January,2025,Tuesday,4,0,2025-11-18 11:50:37,Weekday,0,Q1,2025-Jan
2025-01-22,20250122,22,1,January,2025,Wednesday,4,0,2025-11-18 11:50:37,Weekday,0,Q1,2025-Jan
2025-01-23,20250123,23,1,January,2025,Thursday,4,0,2025-11-18 11:50:37,Weekday,0,Q1,2025-Jan
2025-01-24,20250124,24,1,January,2025,Friday,4,0,2025-11-18 11:50:37,Weekday,0,Q1,2025-Jan
2025-01-25,20250125,25,1,January,2025,Saturday,4,1,2025-11-18 11:50:37,Weekend,0,Q1,2025-Jan
2025-01-26,20250126,26,1,January,2025,Sunday,4,1,2025-11-18 11:50:37,Weekend,0,Q1,2025-Jan
2025-01-27,20250127,27,1,January,2025,Monday,5,0,2025-11-18 11:50:37,Weekday,0,Q1,2025-Jan
2025-01-28,20250128,28,1,January,2025,Tuesday,5,0,2025-11-18 11:50:37,Weekday,0,Q1,2025-Jan
2025-01-29,20250129,29,1,January,2025,Wednesday,5,0,2025-11-18 11:50:37,Weekday,0,Q1,2025-Jan
2025-01-30,20250130,30,1,January,2025,Thursday,5,0,2025-11-18 11:50:37,Weekday,0,Q1,2025-Jan
2025-01-31,20250131,31,1,January,2025,Friday,5,0,2025-11-18 11:50:37,Weekday,0,Q1,2025-Jan
2025-02-01,20250201,1,2,February,2025,Saturday,5,1,2025-11-18 11:50:37,Weekend,0,Q1,2025-Feb
2025-02-02,20250202,2,2,February,2025,Sunday,5,1,2025-11-18 11:50:37,Weekend,0,Q1,2025-Feb
2025-02-03,20250203,3,2,February,2025,Monday,6,0,2025-11-18 11:50:37,Weekday,0,Q1,2025-Feb
2025-02-04,20250204,4,2,February,2025,Tuesday,6,0,2025-11-18 11:50:37,Weekday,0,Q1,2025-Feb
2025-02-05,20250205,5,2,February,2025,Wednesday,6,0,2025-11-18 11:50:37,Weekday,0,Q1,2025-Feb
2025-02-06,20250206,6,2,February,2025,Thursday,6,0,2025-11-18 11:50:37,Weekday,0,Q1,2025-Feb
2025-02-07,20250207,7,2,February,2025,Friday,6,0,2025-11-18 11:50:37,Weekday,0,Q1,2025-Feb
2025-02-08,20250208,8,2,February,2025,Saturday,6,1,2025-11-18 11:50:37,Weekend,0,Q1,2025-Feb
2025-02-09,20250209,9,2,February,2025,Sunday,6,1,2025-11-18 11:50:37,Weekend,0,Q1,2025-Feb
2025-02-10,20250210,10,2,February,2025,Monday,7,0,2025-11-18 11:50:37,Weekday,0,Q1,2025-Feb
2025-02-11,20250211,11,2,February,2025,Tuesday,7,0,2025-11-18 11:50:37,Weekday,0,Q1,2025-Feb
2025-02-12,20250212,12,2,February,2025,Wednesday,7,0,2025-11-18 11:50:37,Weekday,0,Q1,2025-Feb
2025-02-13,20250213,13,2,February,2025,Thursday,7,0,2025-11-18 11:50:37,Weekday,0,Q1,2025-Feb
2025-02-14,20250214,14,2,February,2025,Friday,7,0,2025-11-18 11:50:37,Weekday,0,Q1,2025-Feb
2025-02-15,20250215,15,2,February,2025,Saturday,7,1,2025-11-18 11:50:37,Weekend,0,Q1,2025-Feb
2025-02-16,20250216,16,2,February,2025,Sunday,7,1,2025-11-18 11:50:37,Weekend,0,Q1,2025-Feb
2025-02-17,20250217,17,2,February,2025,Monday,8,0,2025-11-18 11:50:37,Weekday,0,Q1,2025-Feb
2025-02-18,20250218,18,2,February,2025,Tuesday,8,0,2025-11-18 11:50:37,Weekday,0,Q1,2025-Feb
2025-02-19,20250219,19,2,February,2025,Wednesday,8,0,2025-11-18 11:50:37,Weekday,0,Q1,2025-Feb
2025-02-20,20250220,20,2,February,2025,Thursday,8,0,2025-11-18 11:50:37,Weekday,0,Q1,2025-Feb
2025-02-21,20250221,21,2,February,2025,Friday,8,0,2025-11-18 11:50:37,Weekday,0,Q1,2025-Feb
2025-02-22,20250222,22,2,February,2025,Saturday,8,1,2025-11-18 11:50:37,Weekend,0,Q1,2025-Feb
2025-02-23,20250223,23,2,February,2025,Sunday,8,1,2025-11-18 11:50:37,Weekend,0,Q1,2025-Feb
2025-02-24,20250224,24,2,February,2025,Monday,9,0,2025-11-18 11:50:37,Weekday,0,Q1,2025-Feb
2025-02-25,20250225,25,2,February,2025,Tuesday,9,0,2025-11-18 11:50:37,Weekday,0,Q1,2025-Feb
2025-02-26,20250226,26,2,February,2025,Wednesday,9,0,2025-11-18 11:50:37,Weekday,0,Q1,2025-Feb
2025-02-27,20250227,27,2,February,2025,Thursday,9,0,2025-11-18 11:50:37,Weekday,0,Q1,2025-Feb
2025-02-28,20250228,28,2,February,2025,Friday,9,0,2025-11-18 11:50:37,Weekday,0,Q1,2025-Feb
2025-03-01,20250301,1,3,March,2025,Saturday,9,1,2025-11-18 11:50:37,Weekend,0,Q1,2025-Mar
2025-03-02,20250302,2,3,March,2025,Sunday,9,1,2025-11-18 11:50:37,Weekend,0,Q1,2025-Mar
2025-03-03,20250303,3,3,March,2025,Monday,10,0,2025-11-18 11:50:37,Weekday,0,Q1,2025-Mar
2025-03-04,20250304,4,3,March,2025,Tuesday,10,0,2025-11-18 11:50:37,Weekday,0,Q1,2025-Mar
2025-03-05,20250305,5,3,March,2025,Wednesday,10,0,2025-11-18 11:50:37,Weekday,0,Q1,2025-Mar
2025-03-06,20250306,6,3,March,2025,Thursday,10,0,2025-11-18 11:50:37,Weekday,0,Q1,2025-Mar
2025-03-07,20250307,7,3,March,2025,Friday,10,0,2025-11-18 11:50:37,Weekday,0,Q1,2025-Mar
2025-03-08,20250308,8,3,March,2025,Saturday,10,1,2025-11-18 11:50:37,Weekend,0,Q1,2025-Mar
2025-03-09,20250309,9,3,March,2025,Sunday,10,1,2025-11-18 11:50:37,Weekend,0,Q1,2025-Mar
2025-03-10,20250310,10,3,March,2025,Monday,11,0,2025-11-18 11:50:37,Weekday,0,Q1,2025-Mar
2025-03-11,20250311,11,3,March,2025,Tuesday,11,0,2025-11-18 11:50:37,Weekday,0,Q1,2025-Mar
2025-03-12,20250312,12,3,March,2025,Wednesday,11,0,2025-11-18 11:50:37,Weekday,0,Q1,2025-Mar
2025-03-13,20250313,13,3,March,2025,Thursday,11,0,2025-11-18 11:50:37,Weekday,0,Q1,2025-Mar
2025-03-14,20250314,14,3,March,2025,Friday,11,0,2025-11-18 11:50:37,Weekday,0,Q1,2025-Mar
2025-03-15,20250315,15,3,March,2025,Saturday,11,1,2025-11-18 11:50:37,Weekend,0,Q1,2025-Mar
2025-03-16,20250316,16,3,March,2025,Sunday,11,1,2025-11-18 11:50:37,Weekend,0,Q1,2025-Mar
2025-03-17,20250317,17,3,March,2025,Monday,12,0,2025-11-18 11:50:37,Weekday,0,Q1,2025-Mar
2025-03-18,20250318,18,3,March,2025,Tuesday,12,0,2025-11-18 11:50:37,Weekday,0,Q1,2025-Mar
2025-03-19,20250319,19,3,March,2025,Wednesday,12,0,2025-11-18 11:50:37,Weekday,0,Q1,2025-Mar
2025-03-20,20250320,20,3,March,2025,Thursday,12,0,2025-11-18 11:50:37,Weekday,0,Q1,2025-Mar
2025-03-21,20250321,21,3,March,2025,Friday,12,0,2025-11-18 11:50:37,Weekday,0,Q1,2025-Mar
2025-03-22,20250322,22,3,March,2025,Saturday,12,1,2025-11-18 11:50:37,Weekend,0,Q1,2025-Mar
2025-03-23,20250323,23,3,March,2025,Sunday,12,1,2025-11-18 11:50:37,Weekend,0,Q1,2025-Mar
2025-03-24,20250324,24,3,March,2025,Monday,13,0,2025-11-18 11:50:37,Weekday,0,Q1,2025-Mar
2025-03-25,20250325,25,3,March,2025,Tuesday,13,0,2025-11-18 11:50:37,Weekday,0,Q1,2025-Mar
2025-03-26,20250326,26,3,March,2025,Wednesday,13,0,2025-11-18 11:50:37,Weekday,0,Q1,2025-Mar
2025-03-27,20250327,27,3,March,2025,Thursday,13,0,2025-11-18 11:50:37,Weekday,0,Q1,2025-Mar
2025-03-28,20250328,28,3,March,2025,Friday,13,0,2025-11-18 11:50:37,Weekday,0,Q1,2025-Mar
2025-03-29,20250329,29,3,March,2025,Saturday,13,1,2025-11-18 11:50:37,Weekend,0,Q1,2025-Mar
2025-03-30,20250330,30,3,March,2025,Sunday,13,1,2025-11-18 11:50:37,Weekend,0,Q1,2025-Mar
2025-03-31,20250331,31,3,March,2025,Monday,14,0,2025-11-18 11:50:37,Weekday,0,Q1,2025-Mar
2025-04-01,20250401,1,4,April,2025,Tuesday,14,0,2025-11-18 11:50:37,Weekday,0,Q2,2025-Apr
2025-04-02,20250402,2,4,April,2025,Wednesday,14,0,2025-11-18 11:50:37,Weekday,0,Q2,2025-Apr
2025-04-03,20250403,3,4,April,2025,Thursday,14,0,2025-11-18 11:50:37,Weekday,0,Q2,2025-Apr
2025-04-04,20250404,4,4,April,2025,Friday,14,0,2025-11-18 11:50:37,Weekday,0,Q2,2025-Apr
2025-04-05,20250405,5,4,April,2025,Saturday,14,1,2025-11-18 11:50:37,Weekend,0,Q2,2025-Apr
2025-04-06,20250406,6,4,April,2025,Sunday,14,1,2025-11-18 11:50:37,Weekend,0,Q2,2025-Apr
2025-04-07,20250407,7,4,April,2025,Monday,15,0,2025-11-18 11:50:37,Weekday,0,Q2,2025-Apr
2025-04-08,20250408,8,4,April,2025,Tuesday,15,0,2025-11-18 11:50:37,Weekday,0,Q2,2025-Apr
2025-04-09,20250409,9,4,April,2025,Wednesday,15,0,2025-11-18 11:50:37,Weekday,0,Q2,2025-Apr
2025-04-10,20250410,10,4,April,2025,Thursday,15,0,2025-11-18 11:50:37,Weekday,0,Q2,2025-Apr
2025-04-11,20250411,11,4,April,2025,Friday,15,0,2025-11-18 11:50:37,Weekday,0,Q2,2025-Apr
2025-04-12,20250412,12,4,April,2025,Saturday,15,1,2025-11-18 11:50:37,Weekend,0,Q2,2025-Apr
2025-04-13,20250413,13,4,April,2025,Sunday,15,1,2025-11-18 11:50:37,Weekend,0,Q2,2025-Apr
2025-04-14,20250414,14,4,April,2025,Monday,16,0,2025-11-18 11:50:37,Weekday,0,Q2,2025-Apr
2025-04-15,20250415,15,4,April,2025,Tuesday,16,0,2025-11-18 11:50:37,Weekday,0,Q2,2025-Apr
2025-04-16,20250416,16,4,April,2025,Wednesday,16,0,2025-11-18 11:50:37,Weekday,0,Q2,2025-Apr
2025-04-17,20250417,17,4,April,2025,Thursday,16,0,2025-11-18 11:50:37,Weekday,0,Q2,2025-Apr
2025-04-18,20250418,18,4,April,2025,Friday,16,0,2025-11-18 11:50:37,Weekday,0,Q2,2025-Apr
2025-04-19,20250419,19,4,April,2025,Saturday,16,1,2025-11-18 11:50:37,Weekend,0,Q2,2025-Apr
2025-04-20,20250420,20,4,April,2025,Sunday,16,1,2025-11-18 11:50:37,Weekend,0,Q2,2025-Apr
2025-04-21,20250421,21,4,April,2025,Monday,17,0,2025-11-18 11:50:37,Weekday,0,Q2,2025-Apr
2025-04-22,20250422,22,4,April,2025,Tuesday,17,0,2025-11-18 11:50:37,Weekday,0,Q2,2025-Apr
2025-04-23,20250423,23,4,April,2025,Wednesday,17,0,2025-11-18 11:50:37,Weekday,0,Q2,2025-Apr
2025-04-24,20250424,24,4,April,2025,Thursday,17,0,2025-11-18 11:50:37,Weekday,0,Q2,2025-Apr
2025-04-25,20250425,25,4,April,2025,Friday,17,0,2025-11-18 11:50:37,Weekday,0,Q2,2025-Apr
2025-04-26,20250426,26,4,April,2025,Saturday,17,1,2025-11-18 11:50:37,Weekend,0,Q2,2025-Apr
2025-04-27,20250427,27,4,April,2025,Sunday,17,1,2025-11-18 11:50:37,Weekend,0,Q2,2025-Apr
2025-04-28,20250428,28,4,April,2025,Monday,18,0,2025-11-18 11:50:37,Weekday,0,Q2,2025-Apr
2025-04-29,20250429,29,4,April,2025,Tuesday,18,0,2025-11-18 11:50:37,Weekday,0,Q2,2025-Apr
2025-04-30,20250430,30,4,April,2025,Wednesday,18,0,2025-11-18 11:50:37,Weekday,0,Q2,2025-Apr
2025-05-01,20250501,1,5,May,2025,Thursday,18,0,2025-11-18 11:50:37,Weekday,0,Q2,2025-May
2025-05-02,20250502,2,5,May,2025,Friday,18,0,2025-11-18 11:50:37,Weekday,0,Q2,2025-May
2025-05-03,20250503,3,5,May,2025,Saturday,18,1,2025-11-18 11:50:37,Weekend,0,Q2,2025-May
2025-05-04,20250504,4,5,May,2025,Sunday,18,1,2025-11-18 11:50:37,Weekend,0,Q2,2025-May
2025-05-05,20250505,5,5,May,2025,Monday,19,0,2025-11-18 11:50:37,Weekday,0,Q2,2025-May
2025-05-06,20250506,6,5,May,2025,Tuesday,19,0,2025-11-18 11:50:37,Weekday,0,Q2,2025-May
2025-05-07,20250507,7,5,May,2025,Wednesday,19,0,2025-11-18 11:50:37,Weekday,0,Q2,2025-May
2025-05-08,20250508,8,5,May,2025,Thursday,19,0,2025-11-18 11:50:37,Weekday,0,Q2,2025-May
2025-05-09,20250509,9,5,May,2025,Friday,19,0,2025-11-18 11:50:37,Weekday,0,Q2,2025-May
2025-05-10,20250510,10,5,May,2025,Saturday,19,1,2025-11-18 11:50:37,Weekend,0,Q2,2025-May
2025-05-11,20250511,11,5,May,2025,Sunday,19,1,2025-11-18 11:50:37,Weekend,0,Q2,2025-May
2025-05-12,20250512,12,5,May,2025,Monday,20,0,2025-11-18 11:50:37,Weekday,0,Q2,2025-May
2025-05-13,20250513,13,5,May,2025,Tuesday,20,0,2025-11-18 11:50:37,Weekday,0,Q2,2025-May
2025-05-14,20250514,14,5,May,2025,Wednesday,20,0,2025-11-18 11:50:37,Weekday,0,Q2,2025-May
2025-05-15,20250515,15,5,May,2025,Thursday,20,0,2025-11-18 11:50:37,Weekday,0,Q2,2025-May
2025-05-16,20250516,16,5,May,2025,Friday,20,0,2025-11-18 11:50:37,Weekday,0,Q2,2025-May
2025-05-17,20250517,17,5,May,2025,Saturday,20,1,2025-11-18 11:50:37,Weekend,0,Q2,2025-May
2025-05-18,20250518,18,5,May,2025,Sunday,20,1,2025-11-18 11:50:37,Weekend,0,Q2,2025-May
2025-05-19,20250519,19,5,May,2025,Monday,21,0,2025-11-18 11:50:37,Weekday,0,Q2,2025-May
2025-05-20,20250520,20,5,May,2025,Tuesday,21,0,2025-11-18 11:50:37,Weekday,0,Q2,2025-May
2025-05-21,20250521,21,5,May,2025,Wednesday,21,0,2025-11-18 11:50:37,Weekday,0,Q2,2025-May
2025-05-22,20250522,22,5,May,2025,Thursday,21,0,2025-11-18 11:50:37,Weekday,0,Q2,2025-May
2025-05-23,20250523,23,5,May,2025,Friday,21,0,2025-11-18 11:50:37,Weekday,0,Q2,2025-May
2025-05-24,20250524,24,5,May,2025,Saturday,21,1,2025-11-18 11:50:37,Weekend,0,Q2,2025-May
2025-05-25,20250525,25,5,May,2025,Sunday,21,1,2025-11-18 11:50:37,Weekend,0,Q2,2025-May
2025-05-26,20250526,26,5,May,2025,Monday,22,0,2025-11-18 11:50:37,Weekday,0,Q2,2025-May
2025-05-27,20250527,27,5,May,2025,Tuesday,22,0,2025-11-18 11:50:37,Weekday,0,Q2,2025-May
2025-05-28,20250528,28,5,May,2025,Wednesday,22,0,2025-11-18 11:50:37,Weekday,0,Q2,2025-May
2025-05-29,20250529,29,5,May,2025,Thursday,22,0,2025-11-18 11:50:37,Weekday,0,Q2,2025-May
2025-05-30,20250530,30,5,May,2025,Friday,22,0,2025-11-18 11:50:37,Weekday,0,Q2,2025-May
2025-05-31,20250531,31,5,May,2025,Saturday,22,1,2025-11-18 11:50:37,Weekend,0,Q2,2025-May
2025-06-01,20250601,1,6,June,2025,Sunday,22,1,2025-11-18 11:50:37,Weekend,0,Q2,2025-Jun
2025-06-02,20250602,2,6,June,2025,Monday,23,0,2025-11-18 11:50:37,Weekday,0,Q2,2025-Jun
2025-06-03,20250603,3,6,June,2025,Tuesday,23,0,2025-11-18 11:50:37,Weekday,0,Q2,2025-Jun
2025-06-04,20250604,4,6,June,2025,Wednesday,23,0,2025-11-18 11:50:37,Weekday,0,Q2,2025-Jun
2025-06-05,20250605,5,6,June,2025,Thursday,23,0,2025-11-18 11:50:37,Weekday,0,Q2,2025-Jun
2025-06-06,20250606,6,6,June,2025,Friday,23,0,2025-11-18 11:50:37,Weekday,0,Q2,2025-Jun
2025-06-07,20250607,7,6,June,2025,Saturday,23,1,2025-11-18 11:50:37,Weekend,0,Q2,2025-Jun
2025-06-08,20250608,8,6,June,2025,Sunday,23,1,2025-11-18 11:50:37,Weekend,0,Q2,2025-Jun
2025-06-09,20250609,9,6,June,2025,Monday,24,0,2025-11-18 11:50:37,Weekday,0,Q2,2025-Jun
2025-06-10,20250610,10,6,June,2025,Tuesday,24,0,2025-11-18 11:50:37,Weekday,0,Q2,2025-Jun
2025-06-11,20250611,11,6,June,2025,Wednesday,24,0,2025-11-18 11:50:37,Weekday,0,Q2,2025-Jun
2025-06-12,20250612,12,6,June,2025,Thursday,24,0,2025-11-18 11:50:37,Weekday,0,Q2,2025-Jun
2025-06-13,20250613,13,6,June,2025,Friday,24,0,2025-11-18 11:50:37,Weekday,0,Q2,2025-Jun
2025-06-14,20250614,14,6,June,2025,Saturday,24,1,2025-11-18 11:50:37,Weekend,0,Q2,2025-Jun
2025-06-15,20250615,15,6,June,2025,Sunday,24,1,2025-11-18 11:50:37,Weekend,0,Q2,2025-Jun
2025-06-16,20250616,16,6,June,2025,Monday,25,0,2025-11-18 11:50:37,Weekday,0,Q2,2025-Jun
2025-06-17,20250617,17,6,June,2025,Tuesday,25,0,2025-11-18 11:50:37,Weekday,0,Q2,2025-Jun
2025-06-18,20250618,18,6,June,2025,Wednesday,25,0,2025-11-18 11:50:37,Weekday,0,Q2,2025-Jun
2025-06-19,20250619,19,6,June,2025,Thursday,25,0,2025-11-18 11:50:37,Weekday,0,Q2,2025-Jun
2025-06-20,20250620,20,6,June,2025,Friday,25,0,2025-11-18 11:50:37,Weekday,0,Q2,2025-Jun
2025-06-21,20250621,21,6,June,2025,Saturday,25,1,2025-11-18 11:50:37,Weekend,0,Q2,2025-Jun
2025-06-22,20250622,22,6,June,2025,Sunday,25,1,2025-11-18 11:50:37,Weekend,0,Q2,2025-Jun
2025-06-23,20250623,23,6,June,2025,Monday,26,0,2025-11-18 11:50:37,Weekday,0,Q2,2025-Jun
2025-06-24,20250624,24,6,June,2025,Tuesday,26,0,2025-11-18 11:50:37,Weekday,0,Q2,2025-Jun
2025-06-25,20250625,25,6,June,2025,Wednesday,26,0,2025-11-18 11:50:37,Weekday,0,Q2,2025-Jun
2025-06-26,20250626,26,6,June,2025,Thursday,26,0,2025-11-18 11:50:37,Weekday,0,Q2,2025-Jun
2025-06-27,20250627,27,6,June,2025,Friday,26,0,2025-11-18 11:50:37,Weekday,0,Q2,2025-Jun
2025-06-28,20250628,28,6,June,2025,Saturday,26,1,2025-11-18 11:50:37,Weekend,0,Q2,2025-Jun
2025-06-29,20250629,29,6,June,2025,Sunday,26,1,2025-11-18 11:50:37,Weekend,0,Q2,2025-Jun
2025-06-30,20250630,30,6,June,2025,Monday,27,0,2025-11-18 11:50:37,Weekday,0,Q2,2025-Jun
2025-07-01,20250701,1,7,July,2025,Tuesday,27,0,2025-11-18 11:50:37,Weekday,0,Q3,2025-Jul
2025-07-02,20250702,2,7,July,2025,Wednesday,27,0,2025-11-18 11:50:37,Weekday,0,Q3,2025-Jul
2025-07-03,20250703,3,7,July,2025,Thursday,27,0,2025-11-18 11:50:37,Weekday,0,Q3,2025-Jul
2025-07-04,20250704,4,7,July,2025,Friday,27,0,2025-11-18 11:50:37,Weekday,0,Q3,2025-Jul
2025-07-05,20250705,5,7,July,2025,Saturday,27,1,2025-11-18 11:50:37,Weekend,0,Q3,2025-Jul
2025-07-06,20250706,6,7,July,2025,Sunday,27,1,2025-11-18 11:50:37,Weekend,0,Q3,2025-Jul
2025-07-07,20250707,7,7,July,2025,Monday,28,0,2025-11-18 11:50:37,Weekday,0,Q3,2025-Jul
2025-07-08,20250708,8,7,July,2025,Tuesday,28,0,2025-11-18 11:50:37,Weekday,0,Q3,2025-Jul
2025-07-09,20250709,9,7,July,2025,Wednesday,28,0,2025-11-18 11:50:37,Weekday,0,Q3,2025-Jul
2025-07-10,20250710,10,7,July,2025,Thursday,28,0,2025-11-18 11:50:37,Weekday,0,Q3,2025-Jul
2025-07-11,20250711,11,7,July,2025,Friday,28,0,2025-11-18 11:50:37,Weekday,0,Q3,2025-Jul
2025-07-12,20250712,12,7,July,2025,Saturday,28,1,2025-11-18 11:50:37,Weekend,0,Q3,2025-Jul
2025-07-13,20250713,13,7,July,2025,Sunday,28,1,2025-11-18 11:50:37,Weekend,0,Q3,2025-Jul
2025-07-14,20250714,14,7,July,2025,Monday,29,0,2025-11-18 11:50:37,Weekday,0,Q3,2025-Jul
2025-07-15,20250715,15,7,July,2025,Tuesday,29,0,2025-11-18 11:50:37,Weekday,0,Q3,2025-Jul
2025-07-16,20250716,16,7,July,2025,Wednesday,29,0,2025-11-18 11:50:37,Weekday,0,Q3,2025-Jul
2025-07-17,20250717,17,7,July,2025,Thursday,29,0,2025-11-18 11:50:37,Weekday,0,Q3,2025-Jul
2025-07-18,20250718,18,7,July,2025,Friday,29,0,2025-11-18 11:50:37,Weekday,0,Q3,2025-Jul
2025-07-19,20250719,19,7,July,2025,Saturday,29,1,2025-11-18 11:50:37,Weekend,0,Q3,2025-Jul
2025-07-20,20250720,20,7,July,2025,Sunday,29,1,2025-11-18 11:50:37,Weekend,0,Q3,2025-Jul
2025-07-21,20250721,21,7,July,2025,Monday,30,0,2025-11-18 11:50:37,Weekday,0,Q3,2025-Jul
2025-07-22,20250722,22,7,July,2025,Tuesday,30,0,2025-11-18 11:50:37,Weekday,0,Q3,2025-Jul
2025-07-23,20250723,23,7,July,2025,Wednesday,30,0,2025-11-18 11:50:37,Weekday,0,Q3,2025-Jul
2025-07-24,20250724,24,7,July,2025,Thursday,30,0,2025-11-18 11:50:37,Weekday,0,Q3,2025-Jul
2025-07-25,20250725,25,7,July,2025,Friday,30,0,2025-11-18 11:50:37,Weekday,0,Q3,2025-Jul
2025-07-26,20250726,26,7,July,2025,Saturday,30,1,2025-11-18 11:50:37,Weekend,0,Q3,2025-Jul
2025-07-27,20250727,27,7,July,2025,Sunday,30,1,2025-11-18 11:50:37,Weekend,0,Q3,2025-Jul
2025-07-28,20250728,28,7,July,2025,Monday,31,0,2025-11-18 11:50:37,Weekday,0,Q3,2025-Jul
2025-07-29,20250729,29,7,July,2025,Tuesday,31,0,2025-11-18 11:50:37,Weekday,0,Q3,2025-Jul
2025-07-30,20250730,30,7,July,2025,Wednesday,31,0,2025-11-18 11:50:37,Weekday,0,Q3,2025-Jul
2025-07-31,20250731,31,7,July,2025,Thursday,31,0,2025-11-18 11:50:37,Weekday,0,Q3,2025-Jul
2025-08-01,20250801,1,8,August,2025,Friday,31,0,2025-11-18 11:50:37,Weekday,0,Q3,2025-Aug
2025-08-02,20250802,2,8,August,2025,Saturday,31,1,2025-11-18 11:50:37,Weekend,0,Q3,2025-Aug
2025-08-03,20250803,3,8,August,2025,Sunday,31,1,2025-11-18 11:50:37,Weekend,0,Q3,2025-Aug
2025-08-04,20250804,4,8,August,2025,Monday,32,0,2025-11-18 11:50:37,Weekday,0,Q3,2025-Aug
2025-08-05,20250805,5,8,August,2025,Tuesday,32,0,2025-11-18 11:50:37,Weekday,0,Q3,2025-Aug
2025-08-06,20250806,6,8,August,2025,Wednesday,32,0,2025-11-18 11:50:37,Weekday,0,Q3,2025-Aug
2025-08-07,20250807,7,8,August,2025,Thursday,32,0,2025-11-18 11:50:37,Weekday,0,Q3,2025-Aug
2025-08-08,20250808,8,8,August,2025,Friday,32,0,2025-11-18 11:50:37,Weekday,0,Q3,2025-Aug
2025-08-09,20250809,9,8,August,2025,Saturday,32,1,2025-11-18 11:50:37,Weekend,0,Q3,2025-Aug
2025-08-10,20250810,10,8,August,2025,Sunday,32,1,2025-11-18 11:50:37,Weekend,0,Q3,2025-Aug
2025-08-11,20250811,11,8,August,2025,Monday,33,0,2025-11-18 11:50:37,Weekday,0,Q3,2025-Aug
2025-08-12,20250812,12,8,August,2025,Tuesday,33,0,2025-11-18 11:50:37,Weekday,0,Q3,2025-Aug
2025-08-13,20250813,13,8,August,2025,Wednesday,33,0,2025-11-18 11:50:37,Weekday,0,Q3,2025-Aug
2025-08-14,20250814,14,8,August,2025,Thursday,33,0,2025-11-18 11:50:37,Weekday,0,Q3,2025-Aug
2025-08-15,20250815,15,8,August,2025,Friday,33,0,2025-11-18 11:50:37,Weekday,0,Q3,2025-Aug
2025-08-16,20250816,16,8,August,2025,Saturday,33,1,2025-11-18 11:50:37,Weekend,0,Q3,2025-Aug
2025-08-17,20250817,17,8,August,2025,Sunday,33,1,2025-11-18 11:50:37,Weekend,0,Q3,2025-Aug
2025-08-18,20250818,18,8,August,2025,Monday,34,0,2025-11-18 11:50:37,Weekday,0,Q3,2025-Aug
2025-08-19,20250819,19,8,August,2025,Tuesday,34,0,2025-11-18 11:50:37,Weekday,0,Q3,2025-Aug
2025-08-20,20250820,20,8,August,2025,Wednesday,34,0,2025-11-18 11:50:37,Weekday,0,Q3,2025-Aug
2025-08-21,20250821,21,8,August,2025,Thursday,34,0,2025-11-18 11:50:37,Weekday,0,Q3,2025-Aug
2025-08-22,20250822,22,8,August,2025,Friday,34,0,2025-11-18 11:50:37,Weekday,0,Q3,2025-Aug
2025-08-23,20250823,23,8,August,2025,Saturday,34,1,2025-11-18 11:50:37,Weekend,0,Q3,2025-Aug
2025-08-24,20250824,24,8,August,2025,Sunday,34,1,2025-11-18 11:50:37,Weekend,0,Q3,2025-Aug
2025-08-25,20250825,25,8,August,2025,Monday,35,0,2025-11-18 11:50:37,Weekday,0,Q3,2025-Aug
2025-08-26,20250826,26,8,August,2025,Tuesday,35,0,2025-11-18 11:50:37,Weekday,0,Q3,2025-Aug
2025-08-27,20250827,27,8,August,2025,Wednesday,35,0,2025-11-18 11:50:37,Weekday,0,Q3,2025-Aug
2025-08-28,20250828,28,8,August,2025,Thursday,35,0,2025-11-18 11:50:37,Weekday,0,Q3,2025-Aug
2025-08-29,20250829,29,8,August,2025,Friday,35,0,2025-11-18 11:50:37,Weekday,0,Q3,2025-Aug
2025-08-30,20250830,30,8,August,2025,Saturday,35,1,2025-11-18 11:50:37,Weekend,0,Q3,2025-Aug
2025-08-31,20250831,31,8,August,2025,Sunday,35,1,2025-11-18 11:50:37,Weekend,0,Q3,2025-Aug
2025-09-01,20250901,1,9,September,2025,Monday,36,0,2025-11-18 11:50:37,Weekday,0,Q3,2025-Sep
2025-09-02,20250902,2,9,September,2025,Tuesday,36,0,2025-11-18 11:50:37,Weekday,0,Q3,2025-Sep
2025-09-03,20250903,3,9,September,2025,Wednesday,36,0,2025-11-18 11:50:37,Weekday,0,Q3,2025-Sep
2025-09-04,20250904,4,9,September,2025,Thursday,36,0,2025-11-18 11:50:37,Weekday,0,Q3,2025-Sep
2025-09-05,20250905,5,9,September,2025,Friday,36,0,2025-11-18 11:50:37,Weekday,0,Q3,2025-Sep
2025-09-06,20250906,6,9,September,2025,Saturday,36,1,2025-11-18 11:50:37,Weekend,0,Q3,2025-Sep
2025-09-07,20250907,7,9,September,2025,Sunday,36,1,2025-11-18 11:50:37,Weekend,0,Q3,2025-Sep
2025-09-08,20250908,8,9,September,2025,Monday,37,0,2025-11-18 11:50:37,Weekday,0,Q3,2025-Sep
2025-09-09,20250909,9,9,September,2025,Tuesday,37,0,2025-11-18 11:50:37,Weekday,0,Q3,2025-Sep
2025-09-10,20250910,10,9,September,2025,Wednesday,37,0,2025-11-18 11:50:37,Weekday,0,Q3,2025-Sep
2025-09-11,20250911,11,9,September,2025,Thursday,37,0,2025-11-18 11:50:37,Weekday,0,Q3,2025-Sep
2025-09-12,20250912,12,9,September,2025,Friday,37,0,2025-11-18 11:50:37,Weekday,0,Q3,2025-Sep
2025-09-13,20250913,13,9,September,2025,Saturday,37,1,2025-11-18 11:50:37,Weekend,0,Q3,2025-Sep
2025-09-14,20250914,14,9,September,2025,Sunday,37,1,2025-11-18 11:50:37,Weekend,0,Q3,2025-Sep
2025-09-15,20250915,15,9,September,2025,Monday,38,0,2025-11-18 11:50:37,Weekday,0,Q3,2025-Sep
2025-09-16,20250916,16,9,September,2025,Tuesday,38,0,2025-11-18 11:50:37,Weekday,0,Q3,2025-Sep
2025-09-17,20250917,17,9,September,2025,Wednesday,38,0,2025-11-18 11:50:37,Weekday,0,Q3,2025-Sep
2025-09-18,20250918,18,9,September,2025,Thursday,38,0,2025-11-18 11:50:37,Weekday,0,Q3,2025-Sep
2025-09-19,20250919,19,9,September,2025,Friday,38,0,2025-11-18 11:50:37,Weekday,0,Q3,2025-Sep
2025-09-20,20250920,20,9,September,2025,Saturday,38,1,2025-11-18 11:50:37,Weekend,0,Q3,2025-Sep
2025-09-21,20250921,21,9,September,2025,Sunday,38,1,2025-11-18 11:50:37,Weekend,0,Q3,2025-Sep
2025-09-22,20250922,22,9,September,2025,Monday,39,0,2025-11-18 11:50:37,Weekday,0,Q3,2025-Sep
2025-09-23,20250923,23,9,September,2025,Tuesday,39,0,2025-11-18 11:50:37,Weekday,0,Q3,2025-Sep
2025-09-24,20250924,24,9,September,2025,Wednesday,39,0,2025-11-18 11:50:37,Weekday,0,Q3,2025-Sep
2025-09-25,20250925,25,9,September,2025,Thursday,39,0,2025-11-18 11:50:37,Weekday,0,Q3,2025-Sep
2025-09-26,20250926,26,9,September,2025,Friday,39,0,2025-11-18 11:50:37,Weekday,0,Q3,2025-Sep
2025-09-27,20250927,27,9,September,2025,Saturday,39,1,2025-11-18 11:50:37,Weekend,0,Q3,2025-Sep
2025-09-28,20250928,28,9,September,2025,Sunday,39,1,2025-11-18 11:50:37,Weekend,0,Q3,2025-Sep
2025-09-29,20250929,29,9,September,2025,Monday,40,0,2025-11-18 11:50:37,Weekday,0,Q3,2025-Sep
2025-09-30,20250930,30,9,September,2025,Tuesday,40,0,2025-11-18 11:50:37,Weekday,0,Q3,2025-Sep
2025-10-01,20251001,1,10,October,2025,Wednesday,40,0,2025-11-18 11:50:37,Weekday,0,Q4,2025-Oct
2025-10-02,20251002,2,10,October,2025,Thursday,40,0,2025-11-18 11:50:37,Weekday,0,Q4,2025-Oct
2025-10-03,20251003,3,10,October,2025,Friday,40,0,2025-11-18 11:50:37,Weekday,0,Q4,2025-Oct
2025-10-04,20251004,4,10,October,2025,Saturday,40,1,2025-11-18 11:50:37,Weekend,0,Q4,2025-Oct
2025-10-05,20251005,5,10,October,2025,Sunday,40,1,2025-11-18 11:50:37,Weekend,0,Q4,2025-Oct
2025-10-06,20251006,6,10,October,2025,Monday,41,0,2025-11-18 11:50:37,Weekday,0,Q4,2025-Oct
2025-10-07,20251007,7,10,October,2025,Tuesday,41,0,2025-11-18 11:50:37,Weekday,0,Q4,2025-Oct
2025-10-08,20251008,8,10,October,2025,Wednesday,41,0,2025-11-18 11:50:37,Weekday,0,Q4,2025-Oct
2025-10-09,20251009,9,10,October,2025,Thursday,41,0,2025-11-18 11:50:37,Weekday,0,Q4,2025-Oct
2025-10-10,20251010,10,10,October,2025,Friday,41,0,2025-11-18 11:50:37,Weekday,0,Q4,2025-Oct
2025-10-11,20251011,11,10,October,2025,Saturday,41,1,2025-11-18 11:50:37,Weekend,0,Q4,2025-Oct
2025-10-12,20251012,12,10,October,2025,Sunday,41,1,2025-11-18 11:50:37,Weekend,0,Q4,2025-Oct
2025-10-13,20251013,13,10,October,2025,Monday,42,0,2025-11-18 11:50:37,Weekday,0,Q4,2025-Oct
2025-10-14,20251014,14,10,October,2025,Tuesday,42,0,2025-11-18 11:50:37,Weekday,0,Q4,2025-Oct
2025-10-15,20251015,15,10,October,2025,Wednesday,42,0,2025-11-18 11:50:37,Weekday,0,Q4,2025-Oct
2025-10-16,20251016,16,10,October,2025,Thursday,42,0,2025-11-18 11:50:37,Weekday,0,Q4,2025-Oct
2025-10-17,20251017,17,10,October,2025,Friday,42,0,2025-11-18 11:50:37,Weekday,0,Q4,2025-Oct
2025-10-18,20251018,18,10,October,2025,Saturday,42,1,2025-11-18 11:50:37,Weekend,0,Q4,2025-Oct
2025-10-19,20251019,19,10,October,2025,Sunday,42,1,2025-11-18 11:50:37,Weekend,0,Q4,2025-Oct
2025-10-20,20251020,20,10,October,2025,Monday,43,0,2025-11-18 11:50:37,Weekday,0,Q4,2025-Oct
2025-10-21,20251021,21,10,October,2025,Tuesday,43,0,2025-11-18 11:50:37,Weekday,0,Q4,2025-Oct
2025-10-22,20251022,22,10,October,2025,Wednesday,43,0,2025-11-18 11:50:37,Weekday,0,Q4,2025-Oct
2025-10-23,20251023,23,10,October,2025,Thursday,43,0,2025-11-18 11:50:37,Weekday,0,Q4,2025-Oct
2025-10-24,20251024,24,10,October,2025,Friday,43,0,2025-11-18 11:50:37,Weekday,0,Q4,2025-Oct
2025-10-25,20251025,25,10,October,2025,Saturday,43,1,2025-11-18 11:50:37,Weekend,0,Q4,2025-Oct
2025-10-26,20251026,26,10,October,2025,Sunday,43,1,2025-11-18 11:50:37,Weekend,0,Q4,2025-Oct
2025-10-27,20251027,27,10,October,2025,Monday,44,0,2025-11-18 11:50:37,Weekday,0,Q4,2025-Oct
2025-10-28,20251028,28,10,October,2025,Tuesday,44,0,2025-11-18 11:50:37,Weekday,0,Q4,2025-Oct
2025-10-29,20251029,29,10,October,2025,Wednesday,44,0,2025-11-18 11:50:37,Weekday,0,Q4,2025-Oct
2025-10-30,20251030,30,10,October,2025,Thursday,44,0,2025-11-18 11:50:37,Weekday,0,Q4,2025-Oct
2025-10-31,20251031,31,10,October,2025,Friday,44,0,2025-11-18 11:50:37,Weekday,0,Q4,2025-Oct
2025-11-01,20251101,1,11,November,2025,Saturday,44,1,2025-11-18 11:50:37,Weekend,0,Q4,2025-Nov
2025-11-02,20251102,2,11,November,2025,Sunday,44,1,2025-11-18 11:50:37,Weekend,0,Q4,2025-Nov
2025-11-03,20251103,3,11,November,2025,Monday,45,0,2025-11-18 11:50:37,Weekday,0,Q4,2025-Nov
2025-11-04,20251104,4,11,November,2025,Tuesday,45,0,2025-11-18 11:50:37,Weekday,0,Q4,2025-Nov
2025-11-05,20251105,5,11,November,2025,Wednesday,45,0,2025-11-18 11:50:37,Weekday,0,Q4,2025-Nov
2025-11-06,20251106,6,11,November,2025,Thursday,45,0,2025-11-18 11:50:37,Weekday,0,Q4,2025-Nov
2025-11-07,20251107,7,11,November,2025,Friday,45,0,2025-11-18 11:50:37,Weekday,0,Q4,2025-Nov
2025-11-08,20251108,8,11,November,2025,Saturday,45,1,2025-11-18 11:50:37,Weekend,0,Q4,2025-Nov
2025-11-09,20251109,9,11,November,2025,Sunday,45,1,2025-11-18 11:50:37,Weekend,0,Q4,2025-Nov
2025-11-10,20251110,10,11,November,2025,Monday,46,0,2025-11-18 11:50:37,Weekday,0,Q4,2025-Nov
2025-11-11,20251111,11,11,November,2025,Tuesday,46,0,2025-11-18 11:50:37,Weekday,0,Q4,2025-Nov
